10	01	2001	Philippe is standing on it
10	02	2001	T&eacute;odor's birthday presents
10	03	2001	The new catalog has arrived
10	04	2001	Who ate my 'shrooms?
10	05	2001	A call to Modemtown
10	08	2001	Someone is at the door
10	09	2001	Achewood ca. 1902
10	10	2001	Bedtime
10	11	2001	Philippe has a Walkman
10	12	2001	Lie Bot
10	15	2001	Philippe's mouth
10	16	2001	The backyard gig
10	17	2001	T&eacute;odor in the chat room
10	18	2001	Guest-starring Lyle
10	19	2001	That's how the Internet works
10	22	2001	Liquor Cabinet Taste Test
10	23	2001	A Curious Therapy
10	24	2001	Lie Bot redux -
10	25	2001	The miniature golf hole
10	26	2001	A discussion on AIDS
10	29	2001	The Web Designer
10	30	2001	Lie Bot's Shoes
10	31	2001	Halloween
11	01	2001	A question of female anatomy
11	02	2001	Sick in bed all day
11	05	2001	Lie Bot, what is the saddest thing
11	06	2001	Ordering a pizza
11	07	2001	Orange creamsicle alcohol drink
11	08	2001	Poker
11	09	2001	Antiques Road Show
11	12	2001	The Humans Show
11	13	2001	He is strange in his sleep
11	14	2001	Todd the Squirrel
11	15	2001	International relations primer
11	16	2001	T&eacute;odor has met a girl!
11	19	2001	Scrabble
11	20	2001	Todd the Squirrel: Prayers
11	21	2001	Todd's new van
11	22	2001	A terrible Thanksgiving
11	23	2001	Closure
11	26	2001	Three's company
11	27	2001	Replacement Characters
11	28	2001	Kisses
11	29	2001	Penny_in_a_fountain
11	30	2001	Starting the old car
12	03	2001	I'm deformed
12	04	2001	Silk Robe
12	05	2001	A change of operating systems
12	06	2001	Todd; open mic nite
12	07	2001	Cutlery ads; bourbon
12	10	2001	Bloopers and outtakes
12	11	2001	Dreams of good people
12	12	2001	I am too drunk to drive
12	13	2001	Gearbox Symphony
12	14	2001	An issue of cussing
12	17	2001	Mousse/She's getting closer
12	18	2001	A dangerously good haircut
12	19	2001	Waiting for Penny
12	20	2001	Lyle's pensive morning moment
12	21	2001	YOUR&nbsp;&nbsp;OLD&nbsp;&nbsp;FRIEND&nbsp;&nbsp;BLISTER
12	24	2001	The Afterlife
12	25	2001	Merry Christmas With Teodor
12	26	2001	The unfinished strip
12	27	2001	Belated Christmas strip
12	28	2001	Old home movies
12	31	2001	New Years' Eve with Mr. Bear
01	02	2002	I Love My Fat Son
01	03	2002	There is a snake in the yard
01	04	2002	Hand-held fan
01	07	2002	We attempt a knock-knock joke!
01	08	2002	Kung Foo
01	09	2002	Van Practice
01	10	2002	The dirtiest dudes in town
01	11	2002	Chillin' by the window
01	14	2002	Dirty-talk montage
01	15	2002	At Ray's crib
01	16	2002	Ketel One
01	17	2002	T&eacute;odor's dream
01	18	2002	Cutting Room Floor #1
01	21	2002	Mr. Smuckles is missing
01	22	2002	Brain practice
01	23	2002	The terrible fear
01	24	2002	Man, it was a only vasectomy
01	25	2002	Hey, you're the best!
01	28	2002	We're into education now.
01	29	2002	Philippe's mom phones
01	30	2002	Political cartoonists are all hacks
01	31	2002	Ray's problem in the kitchen
02	01	2002	Todd's natural enemy
02	04	2002	french fry
02	05	2002	french fry - big dreams
02	06	2002	french fry - more dreams
02	07	2002	french fry - new pants
02	08	2002	french fry - aid
02	11	2002	Color Monday!
02	12	2002	Ordering pizza in English
02	13	2002	Pork Chops
02	14	2002	Today was a re-run.
02	15	2002	An ad
02	19	2002	Lie Bot: Civic Infrastructure
02	20	2002	eBay shopper: Let's Slam!
02	21	2002	Neatest person in Heaven
02	22	2002	Who will yell at God
02	25	2002	Lie Bot in the garage
02	26	2002	...Boned?
02	27	2002	Pat is mad with Ray
02	28	2002	Lyle is not impressed with Todd's saxophone music
03	01	2002	Tina's Birthday
03	04	2002	Todd's theft from Ray
03	05	2002	A glimpse inside Ray's Place
03	06	2002	A fee!
03	07	2002	Todd's theft / the baby clothes
03	08	2002	Hell Yes I'm telling you about some Latin shit!
03	11	2002	Is it a lie? Or is it an ass?
03	12	2002	The Party: Day I
03	13	2002	The Party: Day II
03	14	2002	The Party: Day III
03	15	2002	The Party: Day IV
03	18	2002	The Party: Day V
03	19	2002	The Party: Day VI
03	20	2002	The Party: Day VII
03	21	2002	The Party: Day VIII
03	22	2002	The Party: Day IX
03	25	2002	The Party: Day X
03	26	2002	The Party: Day XI
03	27	2002	The Party: Day XII: Names
03	28	2002	The Party: Day XIII: Dancing
03	29	2002	The Party: Day XIV: Lie Bot's Friends
04	01	2002	The Party: Day XV
04	02	2002	The Party: Day XVI: Vlad
04	03	2002	The Party: Day XVII: Hope Springs Eternal
04	04	2002	The Party: Day XVIII: Little Nephew
04	05	2002	The Party: Day XIX: Chucklebot News
04	08	2002	The Party: Day XX: man-to-man
04	09	2002	The Party: Day XXI: Things are coming to a head
04	10	2002	The Party: Day XXII: No is Philippe. Is Vlad.
04	11	2002	Until you are SO nude
04	12	2002	The Party: Day XXIV: Blood Beagle
04	15	2002	The Party: Day XXV: Todd is Faded
04	16	2002	The Party: Day XXVI: Closing up
04	17	2002	NO MORE PARTY NOW ONLY HANGOVER
04	18	2002	Yelling at Ray
04	19	2002	Tapes from Philippe's Mom
04	22	2002	Roast Beef's Birthday
04	23	2002	Kicking the Basketball
04	24	2002	Ray and the Motorcycle
04	25	2002	En Espanol
04	26	2002	Auf Deutsch
04	29	2002	Todd's License Plate Frame
05	01	2002	Shove it!
05	02	2002	A Lie Bot strip
05	03	2002	Chatting with a friend
05	06	2002	Sports News
05	07	2002	Breakfast in Bed
05	08	2002	Computer Programming
05	09	2002	The Startup Company: Day II
05	10	2002	The Startup Company: cold-calls
05	13	2002	The GUI
05	14	2002	Ray as the unwitting QA director
05	15	2002	Workplace tendencies
05	16	2002	Porno
05	17	2002	No Porno! Wait. Some Porno.
05	20	2002	In Debt
05	21	2002	Only one way out...
05	22	2002	Who the hell is that
05	23	2002	We'll answer that question tomorrow
05	28	2002	Lyle's new video game
05	29	2002	The Making Of
05	30	2002	If I Owned a Bottle
05	31	2002	Follow Me
06	03	2002	Your teeth seem sharp
06	04	2002	Pat's Hat
06	05	2002	EVERYONE HAT
06	06	2002	Bad Chimichangas
06	07	2002	Hat week draws to a close
06	10	2002	Philippe's New Shoes
06	11	2002	Roast Beef is Handsome
06	12	2002	Many Opinions on Water
06	13	2002	Geometry
06	14	2002	Birthday party for Onstad
06	17	2002	Ray's Brew Pub
06	20	2002	The Rocket Ship
06	21	2002	Approaching Moon
06	24	2002	Approaching Moon even closer
06	25	2002	Roast Beef on the Moon
06	26	2002	Roast Beef Sometimes
06	27	2002	Ray's Soliloquy
06	28	2002	A simple question of rad
07	08	2002	Deep Space Transmission
07	09	2002	Maybe this scheme?
07	10	2002	Sandwich Humour
07	11	2002	I saw your junk and liked it
07	12	2002	Re-install the app in Safe Mode
07	15	2002	Book Week Begins!
07	17	2002	Two strips today! Both with Vlad.
07	18	2002	Variation on a special theme
07	22	2002	Book Week Continues!
07	23	2002	Now what's with all this Billy Idol
07	24	2002	You can't just call it a bicycle
07	26	2002	DID YOU THINK I'D STOP AT "RAD CHILIES?"
07	29	2002	Meeting Tina
08	01	2002	There Is Always Something There/It's My Mom
08	02	2002	Thick As A Brick
08	05	2002	Cussing redux
08	06	2002	College #
08	07	2002	I actually got one of these between some pancakes once
08	08	2002	Someone at the door II
08	09	2002	Letters from the Earth
08	12	2002	The Self-Dramatic Otter
08	13	2002	More Frenchin'
08	14	2002	Philippe's Nightmare Night
08	15	2002	Wakin' up with Chucklebot
08	16	2002	cyber punk
08	19	2002	I am wissin'
08	20	2002	The "Walk the Walk, Talk the Talk" Guidebook Series
08	21	2002	Captain Beefheart Flashes Back
08	22	2002	Walk the Walk, Talk the Talk day II
08	23	2002	Really stepping in shit with the Guidebook
09	09	2002	We lookin' at hella porno
09	10	2002	The Materials We Discussed
09	11	2002	You just gonna lie to me
09	12	2002	Cheers
09	13	2002	Beef gets bent
09	16	2002	Gunshy
09	17	2002	Out of the O.R.
09	18	2002	Consoled by Philippe
09	19	2002	Under Philippe's Wing
09	20	2002	ALL U WANT
09	23	2002	Code Levels of Dating Beef
09	25	2002	Heated Up Mary
09	26	2002	Self-Tempering Fat
09	27	2002	Ray cuts own hand
09	30	2002	Fonts
10	01	2002	The Ad Agency, Day 2
10	02	2002	Flower Lesson
10	03	2002	Aberlour
10	04	2002	Pat Reynolds
10	07	2002	Philippe and the Flower
10	08	2002	Bachelor Party
10	09	2002	The Todd Account - a Setback
10	10	2002	Philippe's Wedding Day
10	11	2002	The Terrible Cycle
10	14	2002	Cost cutting
10	15	2002	'Til death do us part
10	16	2002	Why Didn't You Come Into Work Today
10	18	2002	Sangria
10	21	2002	Jeopardy!
10	22	2002	Impulsive Shirt Orderer
10	23	2002	Chinese Water Torture
10	24	2002	Eye trick
10	25	2002	Boston Market
10	28	2002	Package for Philippe!
10	29	2002	Cop Chat
10	31	2002	ULTRA PEANUT
11	01	2002	what the HELL ultra peanut
11	04	2002	Ray and the Piano
11	05	2002	Piano Prodigy
11	06	2002	The Demo And The Damage Done
11	07	2002	Record Contract
11	08	2002	In Ray's Shadow
11	11	2002	With Ultra Peanut
11	12	2002	Todd's Gift of Hi-Five
11	14	2002	Ray's Music Video
11	15	2002	Beef's Video Rewrite
11	18	2002	ASS IN YOUR PANTS
11	19	2002	Skyrocketing up the charts
11	20	2002	The Sony AIBO
11	21	2002	Going Multi-Platinum
11	22	2002	Party For Ray
11	25	2002	'65 Ford Galaxie
11	26	2002	HELLO AMERICA
11	27	2002	Stand on it Agnes
12	02	2002	Beef's Real Name
12	04	2002	Click Robot
12	05	2002	You Make Me Do It In My Pants :(
12	09	2002	The Peppermint Honcho
12	10	2002	Coconut Rum
12	11	2002	McDonald's / Dancin' Santa
12	13	2002	Camping
12	16	2002	Haunches
12	17	2002	DISK ONE OF SIX
12	19	2002	Dirty Bills
12	20	2002	Showbiz
12	23	2002	JOE STRUMMER HAS DIED
12	24	2002	Christmas Eve with Ray
12	30	2002	Catching Up With Showbiz
12	31	2002	Madison
01	02	2003	Subway
01	03	2003	Wall Of Tough Guys
01	07	2003	A Dude's Stew
01	08	2003	Philippe is Fat
01	09	2003	The Devil's Drink Book
01	10	2003	Hi Grandma!
01	13	2003	Fancy French Restaurant
01	14	2003	Rockford Fosgate
01	16	2003	Goodbye Showbiz
01	17	2003	Jared Is Not Tough
01	21	2003	How Else Can Jared Die
01	22	2003	Slim Jim
01	23	2003	Disguises
01	27	2003	Notorious L.I.N.C.O.L.N.
01	28	2003	Motel Hangover
01	29	2003	Blue Nun Widemouths
01	30	2003	Turd Murder
01	31	2003	Hangover Therapy
02	04	2003	Asleep Style
02	05	2003	Salad Dressing Chandelier
02	06	2003	Some Subway Would Punish
02	07	2003	Six Kinds of Nasty
02	10	2003	Cookbook Preview
02	11	2003	Arms and Backs
02	13	2003	Pat's Message Board
02	14	2003	Pat and Daedalus_X
02	17	2003	Death Limo
02	18	2003	T&eacute;odor's Boat
02	19	2003	Socks In The Bed
02	20	2003	Klansman Subway
02	21	2003	Matchstick Doodie
02	24	2003	Death Boat
02	25	2003	Ku Klux Messagebard
02	26	2003	Stolen Boat
02	27	2003	Todd's Taxes
03	03	2003	Howardt Stern Show
03	04	2003	Pat's Anger
03	05	2003	Roast Beef in Heaven
03	06	2003	Lung Brothers
03	07	2003	Drunk in Heaven
03	10	2003	Dance Java Dance
03	11	2003	Will You Be My Girlfriend Molly
03	12	2003	Dinner Date
03	13	2003	Rooster Bake
03	14	2003	Roasted-up Ding Dong
03	17	2003	The Jade Ding Dong
03	18	2003	The Six Hundred Dollar Man
03	19	2003	Roast Beef's First Kiss
03	20	2003	The Marlboro Stinger
03	21	2003	Receipt From Heaven
03	24	2003	Guest artist: James Kochalka
03	25	2003	Guest artist: K. Thor Jensen
03	26	2003	Guest artist: Sam Henderson
03	27	2003	Guest artist: Jeff Rowland
03	28	2003	Guest artist: John Allison
03	31	2003	Guest artist: Drew Weing
04	01	2003	Guest Artist: drew
04	02	2003	Guest Artist: Anonymous
04	03	2003	Nice Pete
04	04	2003	What are you in for Nice Pete
04	07	2003	Nice Pete's Raisin Schnapps
04	08	2003	Murder, Explained
04	09	2003	Killing is Like Basketball
04	10	2003	Visitation Hours
04	14	2003	The First Piece of Porno
04	15	2003	The Devils of Monte Carlo
04	16	2003	Gilmore Girls
04	17	2003	Nice Pete Figures Ray Out
04	18	2003	Vlad Figures Pat Out
04	23	2003	The Mile High Club
04	24	2003	Mantonio
04	25	2003	Wetting The Bed Forever
04	28	2003	Philippe's Prayers
04	29	2003	Mehr Deutsch
04	30	2003	Doin' the Robot
05	02	2003	Fuck Algebra
05	05	2003	Baby Just Come Clean
05	06	2003	His Bozack is Flayed
05	07	2003	Rhymedown 2003
05	08	2003	Ten Million Kids In Fedoras
05	09	2003	Chompin' Mignon on Bellagio Lake
05	12	2003	We TALKED about this!
05	13	2003	Oregon Tail
05	14	2003	Hiram the Blacksmith
05	16	2003	Lyle and Hiram
05	19	2003	Hiram's Codebase
05	20	2003	Marmaduke
05	22	2003	Laying into Garfield
05	23	2003	Cathy
05	26	2003	Scary Go Round guest strip
05	27	2003	The Dachshund Whisperer
05	28	2003	Suckin' Dick - rerun
05	29	2003	Recipe of the Month Club
05	30	2003	A re-run: Lie Bot's Ass
06	02	2003	Lie Bot: Saddest Thing: redux
06	03	2003	Hyddyn Sceptyre
06	04	2003	Wednesday Repeat: November 15, 2002
06	05	2003	Mr. Bear's Blog
06	06	2003	If It's Yellow Let it Mellow
06	09	2003	Ray's Rolex
06	10	2003	Garrison Keillor / Tony Robbins
06	11	2003	Repeat of January 30, 2003
06	12	2003	A Frank Conversation on Pornography.
06	13	2003	I take the birthday off.
06	16	2003	Beef Missed My Birthday
06	17	2003	Beef's Green Card Wedding
06	19	2003	Angry Little Plum
06	20	2003	Nightlife Mingus
06	23	2003	Golfing With Nightlife
06	24	2003	Beef Smokes Weed
06	26	2003	Beef is high, steals golf cart
06	27	2003	runaway golf cart
06	30	2003	Molly McSweeney
07	01	2003	Artificial Japanese Liver
07	03	2003	Long Condoms
07	04	2003	European Vacation 1
07	07	2003	Uses for a Large Condom
07	08	2003	Martha Stewart's condom tips
07	10	2003	Philippe / Mozart / Honey Peanuts
07	11	2003	Teodor's New Dance Move
07	14	2003	Lyle Wins Oasis
07	15	2003	Oasis Is Working In The Yard
07	17	2003	Philippe at Berlin McDonald's
07	18	2003	Oasis In The Shower
07	21	2003	Ray Quits The Advice Biz
07	22	2003	Ray Rhymes About the Internet
07	24	2003	Ray's Advice Column - LIVE!
07	28	2003	Straight Eye for the Beef Guy
07	30	2003	Beef Tshirt Expose Etc
08	01	2003	Hair In Ray's Nachos
08	04	2003	beef makeover tshirt etc
08	06	2003	Vlad and Roast Beef's Window
08	11	2003	Beef's Microsoft Word Ad
08	13	2003	Weezer / iMac
08	14	2003	Neapolitan Shooter Teaser
08	15	2003	The Dick Molecule
08	18	2003	Beef's "Me" Day
08	20	2003	Ray's Time Machine.
08	21	2003	Santa's Dad
08	22	2003	Dressing Like Twain
08	25	2003	Spring Loaded Wooden Dog
08	26	2003	Cornelius Bear's Diary Entry
08	27	2003	The Trouble With Ray's Entertainment Center
08	28	2003	The Dumbwaiter Redux
08	29	2003	The Unwilling Voyeur
09	02	2003	Beef the Cocaine Genius
09	03	2003	The Taint is often called the Impossible Mile
09	04	2003	Mark Twain and James Bond
09	09	2003	Your Porno Name
09	10	2003	Ketel One, Eminem, Twain Invents the Internet
09	11	2003	Coming Home / Clues
09	12	2003	Hot Lunches
09	15	2003	Carl: A Fallen Friend
09	16	2003	Anarchist's Cookbook
09	17	2003	Kmart, Lyle, and Viet Nam
09	18	2003	Don't Thank Me, Thank Anarchy
09	19	2003	Electrocuting Pat's Dick
09	22	2003	Pat's Dick is Electrocuted
09	23	2003	Pat's Answering Machine
09	24	2003	Nice Pat
09	25	2003	Hollandaise the Bunny
09	26	2003	Pat Guthrie
09	29	2003	Pat's Stadium Event / The Sexual Homeboys
09	30	2003	Calling D'Shawn
10	01	2003	Second Anniversary
10	02	2003	Vegetable Brain the Comedian
10	03	2003	Joy Buzzer
10	06	2003	Day Tripper Intro
10	07	2003	Animalicious
10	08	2003	Animalicious on Acid
10	09	2003	Pat's Back
10	10	2003	Lore Day One
10	13	2003	Beef's Dream of Corpulence
10	14	2003	Little Nephew's Hip-Hop Pants
10	15	2003	Laszlo's Open Mic / Roast Beef
10	16	2003	Beef's Internet is Down
10	17	2003	Chicken Allergy / Bubble Boy
10	20	2003	The puberty machine has soft rubber heads
10	21	2003	The Eye Beneath the Nacho
10	22	2003	Nice Pete's PowerPoint Presentation
10	23	2003	Human Foot in a Salad (w/Champion Short Sock)
10	24	2003	Nice Pete's Joke
10	27	2003	Mom-mom had a big old weepin' eye that never closed
10	28	2003	Japanese Interests
10	29	2003	T&eacute;odor's father
10	30	2003	Oh No I Grew Pubics
10	31	2003	Philippe Bumble-Bee Boo
11	03	2003	Super-Secret Ice Cream Parlor
11	04	2003	Mini Cooper / Laphroaig
11	05	2003	Arthur from Support Group
11	06	2003	On the way to the Secret Ice Cream Parlor
11	07	2003	Drip Drop Drip Drop
11	10	2003	Threadville
11	11	2003	Nice Pete's Lullaby
11	12	2003	Inside the Super-Secret Ice Cream Shop
11	13	2003	Gelati
11	14	2003	Escape from the ice cream shop
11	17	2003	Philippe's Escape
11	18	2003	Omega Tetris
11	21	2003	Deer in the Headlights
11	24	2003	BLAM
11	25	2003	Tori Amos
12	01	2003	Hell's Car: Subaru Brat
12	02	2003	The Lonesomest Car in Hell
12	03	2003	Robert Johnson at the Best Western in Hell
12	04	2003	Brookside Lounge, Best Western, Hell
12	05	2003	Robert Johnson Ocular Shenanigans
12	08	2003	Drunk As a Lord in Hell
12	09	2003	Talking Wallpaper
12	10	2003	Butterball Hotline
12	11	2003	Butterball Hell Line
12	12	2003	Beef and the Hell Phone
12	15	2003	Philippe Buys Piano Music!
12	16	2003	Beef Finds Ray in Hell
12	17	2003	There is Balm in Gilead
12	18	2003	Shut the hell up *dick*
12	19	2003	Denise Are You Crappin'
12	22	2003	Meeting Todd in Hell
12	23	2003	Friendly's Hell Riddle
12	24	2003	Christmas Eve with Ray redux
12	25	2003	guest strip: John Allison / scarygoround.com
12	26	2003	Guest Strip by Andrice Arp / www.hi-horse.com
12	29	2003	Guest Strip by Jesse Reklaw
12	30	2003	Guest Strip by Jeff Rowland / Wigu.com
12	31	2003	Guest Strip by K. Thor Jensen
01	01	2004	Guest Strip: Jeff Roysdon
01	02	2004	Guest strip by Drew Weing
01	05	2004	Keep on Rockin' Roast Beef
01	06	2004	Three Riddles Home From Hell
01	07	2004	Philippe and the Crab's Soul
01	08	2004	Personals Peepee
01	09	2004	Ray's Personal Ad / Low Shenanigan
01	12	2004	The Roomba Robot Vacuum
01	13	2004	The Yahoo Ham Hack
01	14	2004	Honking Bus, Rusty Bikes
01	15	2004	The Pepperidge Farm Man
01	16	2004	Roast Beef Self-Origami
01	19	2004	Two Roombas / Star Wars
01	20	2004	Roomba Cinema
01	21	2004	Barry Bass and His Marriage
01	22	2004	Barry's a Complainer
01	23	2004	Barry Bass at Beef's House
01	26	2004	Like it or not, you like it
01	27	2004	Kissin' Molly Ringwald on the Titties
01	28	2004	Neiman Marcus
01	29	2004	Philippe 4 Prez
01	30	2004	Mr. Poopytime
02	02	2004	Philippe, The Candidate, is Five
02	03	2004	Ray's Old Videos
02	04	2004	TIM SIMMONS
02	05	2004	Todd's KISS Tattoo
02	06	2004	Bitches Gotta Take They Cunt Pills
02	09	2004	Rerun: January 27, 2003
02	10	2004	Todd's Unfortunate Background
02	11	2004	The Finding Nemo Party
02	12	2004	A Phone Call to Drabble
02	13	2004	Ray's Guitar Hobby
02	17	2004	John J. Rambo
02	18	2004	Beef Gets a Shirt from Molly
02	19	2004	Sex Limo/Spongebob
02	23	2004	Ray's Hemorrhoid
02	24	2004	Raymo Smookels
02	25	2004	Vlad's Problem With Andy
02	27	2004	Homosexuals The Gorilla
03	01	2004	Storyline Revisited: November 4, 2002
03	02	2004	Piano Prodigy
03	03	2004	Lazarus the Business Loafer
03	04	2004	Lazarus the Business Shoe
03	05	2004	Renal Failure
03	08	2004	Pussy Booger
03	09	2004	Timmy the Stem Cell
03	10	2004	Only liberals like The Cure
03	11	2004	Leopold, Brother of Lazarus, Son of Lucien
03	12	2004	Leopold's Story
03	15	2004	Leopold and Lazarus Mad Shoe Confrontation
03	16	2004	Ray is a Blubbering Animal
03	17	2004	Frankenstein
03	18	2004	Euro Trip 2
03	19	2004	Bruichladdich Tasting
03	22	2004	Currywurst
03	23	2004	Berlin Sex Museum
03	24	2004	Philippe Imagines Himself Into Death
03	25	2004	Doin' Berlin Ray-Style
03	26	2004	Homeless and Penniless in Berlin
03	28	2004	Ray's Newspaper Suit
03	30	2004	Ray's Perpetual Motion Device
03	31	2004	The Lambda Manifesto
04	01	2004	John and Deanster
04	05	2004	Philippe in Edinburgh
04	06	2004	Philippe and the Hibbies
04	07	2004	Philippe in York
04	08	2004	Philippe: London day One
04	12	2004	Rerun of Feb 27, 2003
04	13	2004	Reprint of January 7, 2003
04	14	2004	Marijuana Phone Booth
04	15	2004	Losing it in A-minor
04	19	2004	Ray Smells Like Farted-In Vinegar
04	20	2004	The Hangover Ham
04	21	2004	Whale Music
04	22	2004	Dunk Oil
04	23	2004	Leaving Germany
04	26	2004	Mr. Bear - Harlequin Romance Novelist
04	27	2004	Ray's Romance Novel by Rick Dorado
04	28	2004	Todd's Romantic Audio-Book
04	29	2004	Spy-Ware
04	30	2004	Baba O'Riley
05	03	2004	The Isosceles Lock
05	04	2004	Gusano Rojo
05	05	2004	The Adult Film Industry
05	06	2004	Tuck Me In Jack Daniels
05	07	2004	Peter and the Wolf
05	10	2004	Chris Isaak Appreciation Club
05	11	2004	Ray Quits Smoking
05	12	2004	Lyle Builds Philippe's Dream Car
05	13	2004	Onstad's First Foray Into Comics
05	14	2004	Return of Chucklebot
05	17	2004	Roomba Cinema: Wrath of Khan
05	18	2004	Microsoft Word
05	19	2004	Pinewood Derby
05	20	2004	Yo Mama's So Fat
05	21	2004	Friends Season Finale
05	24	2004	Computer Science/Dennis Quaid
05	25	2004	Dennis Quaid Memorabilia
05	26	2004	Uncle Culpepper Comes to Visit
05	27	2004	Pregnant F/X
05	28	2004	Little Nephew and the Hand of Dixie
06	01	2004	Culpepper meets Tina
06	02	2004	Emeril and Spongebath
06	03	2004	Chickenheads Eating Domino's Crazy Stix
06	04	2004	Shootout in the ER
06	07	2004	An Uncanny Burlesque
06	08	2004	It is so fun to be with the dudes.
06	09	2004	Success!
06	10	2004	Goodbye Culpepper
06	11	2004	Steely Dan
06	14	2004	Molly?
06	15	2004	Heaven/Earth Reciprocal
06	16	2004	Philippe's Campaign Platforms
06	17	2004	The President of Mexico
06	18	2004	The Murder Commission
06	21	2004	Roast Beef the Funk Fairy
06	22	2004	Ray's Yttrium Pool Table
06	23	2004	Pat's abs
06	24	2004	Pimm's/A system of Glenfidditch
06	28	2004	Little Nephew and the Goths
06	29	2004	IN THE FLAT FIEEEEEEEEEELD
06	30	2004	Ray is a Goth Bootsy Collins
07	01	2004	Philippe and the Pope
07	02	2004	9 New Blogs
07	06	2004	The Godfather of Souls
07	07	2004	Nice Pete To the Rescue
07	08	2004	The Death Sound
07	09	2004	The MoviePhone Defense
07	12	2004	The Hummer and the Damage Done
07	13	2004	The Mountain and the Motorcycle
07	14	2004	The MILF-man
07	15	2004	Roast Beef Shoe Shopping
07	19	2004	The 18th Amendment
07	20	2004	SaniTaco
07	21	2004	SaniTaco Single Serving Prep Counter
07	22	2004	C.O.P.S. Achewood
07	23	2004	SaniTaco and Nugget magazine
07	26	2004	Nugget Reader Response
07	27	2004	Mr Bear is humming hell of ditties
07	28	2004	Molly and Beef Talk Like Dogs
07	29	2004	Ray Gets a Butler
07	30	2004	Waterbury The Butler
08	02	2004	The Somn-onanist
08	03	2004	Tommy The Tummy
08	04	2004	Born In The USA
08	05	2004	Special Agent M-9
08	09	2004	Roast Beef and the Community College
08	10	2004	Steak/On
08	11	2004	Achewood Community College - Electives!
08	12	2004	Mickey Mouse Pancake
08	16	2004	Roomba: Abraham Lincoln
08	17	2004	Roomba Cinema and the Invention of Photoshop
08	18	2004	Reissue of October 14, 2003: Kids Wear Pants Too Low.
08	19	2004	Reissue of April 14, 2003: First Piece of Porno
08	20	2004	It's a...Judas Priest Friday
08	23	2004	Theatre of Thoughts
08	24	2004	Philippe Solves Homelessness
08	25	2004	Beef and Molly, place of their own
08	27	2004	Beer Can Chicken Recipe
08	30	2004	Philippe the Talking Toilet
08	31	2004	Bensington Butters
09	01	2004	Roast Beef's Snoring Problem
09	02	2004	Roast Beef's Atom Bomb Dream
09	03	2004	Baby Bling
09	07	2004	Callipygian Women
09	08	2004	Tubby Tabby Terrorizes Throne
09	09	2004	Valu-Douche
09	10	2004	Ray and Beef Chat
09	13	2004	Johnny Cash Dead One Year
09	15	2004	Cilantro-ape Ceviche
09	16	2004	Ottawa Modified Death Company
09	27	2004	Todd's call from prison
09	28	2004	Nice Pete at Support Group
09	29	2004	Teodor's Vanity Albums
09	30	2004	Wiener Babies at Applebees
10	01	2004	Third Anniversary Strip
10	04	2004	Roast Beef's Medical Experiments
10	05	2004	Roast Beef Did Not Sleep Well
10	06	2004	Vice Presidents Are Go!
10	07	2004	The Philippe Times
10	08	2004	Emeril and Spongebath at The Smoke
10	11	2004	Dewey Defeats Truman Dunnage
10	12	2004	The Tenmen
10	13	2004	Taco Bell Police Scanner
10	14	2004	Magical Sex Blokes
10	15	2004	Ray's Damon/Affleck art installation
10	19	2004	Cookbooks by Celebrity Wives
10	20	2004	Beef/Molly cold feet
10	21	2004	The Playboy Advisor
10	22	2004	Nervous-Puke
10	25	2004	Countries That Sound Like Porn Stars
10	26	2004	Pat and the Playboy Advisor
10	27	2004	Rouged Plastic Asshole
10	28	2004	Chewbacca Getting Ready for Prom
10	29	2004	Molly's New Roommate
11	01	2004	Ray's Fedora/Adult Diaper Rash
11	02	2004	Roast Beef Lies About Eating Bran
11	04	2004	Mickey Mouse's Suicide
11	05	2004	Bowling Alley Funeral
11	08	2004	Great Expectations AIBO
11	09	2004	Beef and Weldon Aibo
11	10	2004	Coprophiliac Turkey
11	11	2004	SmileCash!
11	12	2004	Fluff my hog
11	15	2004	Pat wants Ray's gun
11	16	2004	Scan of first character study page
11	17	2004	I am the LAW and I am the LASH
11	18	2004	Moving in with Ray
11	19	2004	Samuel H. Invisible
11	22	2004	Cornelius Is Grappa-Shot
11	23	2004	Twenty Thousand Seconds Dead
11	24	2004	Mr. Bear's Waiting Room
11	26	2004	Piss Shiver
11	29	2004	Llewellyn Ash, baby
11	30	2004	Burritos/Oral Sex
12	02	2004	Pat is quick to generalize
12	03	2004	Pat is on the radio again!
12	06	2004	Beef is not Lenny Kravitz
12	07	2004	Apologies to Pat
12	09	2004	Roast Beef's 'Zine
12	10	2004	Beatles Rat
12	13	2004	Grocery Shopping With Ray
12	15	2004	Mr. Bear's gig writing closed captioning
12	16	2004	Parade of Mechanical Sex
12	20	2004	Primal Manes/Gazelle Kebabs
12	21	2004	More Mane Men
12	22	2004	Judi Dench's Three Pound Underwear
12	23	2004	No Mane For Cornelius
12	24	2004	Sullivan's Bear and Dried Bird
12	27	2004	Charlie Brown, you died
12	29	2004	Philippe shaves his head
12	31	2004	Trashspotting
01	03	2005	Map of Achewood Overground
01	04	2005	Police Blotter, 9/8/1932
01	05	2005	Loretta Lynn and Patsy Cline
01	07	2005	Fuck You
01	10	2005	It's a Go (To)fuck Yourself Monday
01	11	2005	Two Thousand Flushes
01	12	2005	Todd has become fat!
01	13	2005	Todd Shanks Pat
01	14	2005	Shank Appreciation
01	17	2005	Web Comics ruin the party
01	18	2005	Party II: The Quickening
01	20	2005	Vlad's Latest Subway Venture
01	21	2005	Beef as Lloyd Dobler
01	24	2005	Heartbeatzz / The Shitandle
01	25	2005	Nice Pete's bible fan fiction
01	26	2005	Tummy Meth
01	27	2005	Ray gets sort of stoned
01	28	2005	Ray is high under the table
02	01	2005	The cat is so high he sells his lawnmower on eBay.
02	02	2005	Click Robot - Screw You, Man
02	03	2005	Click Robot adjustments
02	04	2005	Scenes from a party
02	07	2005	Little Nephew and Teodor Discuss Spaghetti
02	09	2005	The Great Wayans Brother Cookbook Issue
02	10	2005	Tha Snazzle / Burger King Chat Room
02	11	2005	Urinating
02	14	2005	Ray's horribly delivered joke about priests and mailmen
02	16	2005	Ray's Joke about the Gay Taliban Lawyer
02	17	2005	Bloody Mary Bong
02	18	2005	Vaginal Intercourse!
02	21	2005	Contest to Hate Paris Hilton The Most
02	22	2005	Ray Plays the Worst Strip Poker
02	23	2005	How things are with Beef and Molly
02	24	2005	Someone Pressed on Roast Beef's Head!
02	28	2005	Friendship Lane
03	01	2005	Ray Sets Off The Clapper
03	02	2005	The Sewage of Sodom
03	03	2005	Satan Will Smite You...Where it Counts
03	04	2005	Pat, Banjo, Roast Beef, Quick-Onset Diabetes
03	07	2005	The Conniptions
03	08	2005	Pat and the Banjo
03	09	2005	Moby's Tomatohol Car
03	10	2005	Pat's Heart of Darkness - Outer Ring
03	11	2005	Let's Say Good Stuff About Ray's Dick
03	14	2005	Paternity Leave, Day One
03	15	2005	Paternity Leave, Day Two
03	16	2005	Paternity Leave, Day Three
03	17	2005	Paternity Leave, Day Four
03	18	2005	Paternity Leave, Day Five
03	22	2005	The New Baby
03	24	2005	Philippe's New Walk-Around Butt
03	25	2005	Ray and the Catholic Recipes
03	29	2005	Lyle and Ray's Perfect Jays
03	31	2005	Mexican Yeyo Boys
04	01	2005	Map of Achewood Underground, panel 1 of 2
04	04	2005	A Call From Japan Man
04	05	2005	Map of Achewood Underground, panel 2 of 2
04	06	2005	Philippe Babysits
04	11	2005	Bead Shop
04	12	2005	Cancelling the joint company
04	14	2005	Japan Man: Some Background.
04	15	2005	Paris Hilton's PR agency
04	18	2005	Lyle Shoots Ray's Car
04	19	2005	Humorous Baby Onesies
04	21	2005	Roast Beef's Birthday 2005
04	22	2005	Kut-Me Ups
04	25	2005	Lyle's Trannie Sex Gig
04	26	2005	How To Order Wine
04	27	2005	What Philippe Dreams About / Cake
04	28	2005	T&eacute;odor dies.
04	29	2005	DEAD MEN GO COMMANDO
05	02	2005	Lyle's Longshoreman's Heimlich on T&eacute;odor
05	04	2005	Ray Channels Einstein
05	05	2005	Ray as Einstein
05	09	2005	Ray, Einstein and Hiroshima
05	10	2005	1978 Volvo 244 GLE...OF DESPAIR
05	12	2005	Harlequin Romance To-Do List
05	13	2005	Philippe Times Friday Facts
05	16	2005	Volvo of Despair part Two
05	17	2005	Volvo of Despair / Cornelius
05	19	2005	Lesser works of Christo
05	20	2005	T&eacute;odor's Rock'n'Roll Shit Fugue
05	23	2005	Beef Steals Volvo of Despair
05	24	2005	Busking Skeletons
05	25	2005	Ben Stiller's concept about Emily Dickinson
05	31	2005	Roast Beef Has Nothing To Lose.
06	01	2005	King Chochacho
06	03	2005	Beef Dons the Chochacho Medallion
06	06	2005	Volvo Closure
06	07	2005	Circus Penis
06	09	2005	Circus Penis / Seven Dollars
06	13	2005	Téodor the SoftBoy
06	14	2005	Onstad has a birthday
06	15	2005	Rod Huggins
06	17	2005	Rod Huggins II
06	20	2005	Maximum Cuddles with Rod Huggins
06	21	2005	Roast Beef's parking ticket
06	22	2005	Porno Graduation Day
06	23	2005	The Break-Dance Move that Lie Bot Taught Philippe
06	24	2005	More Friday Fun Facts!
06	27	2005	Bowling With Philippe
06	29	2005	Ray's Trans Am PDA
06	30	2005	Roast Beef's Mom Shoots His Dad
07	01	2005	Roast Beef Riverspotting
07	04	2005	Trivial Pursuit - Achewood Edition
07	05	2005	Philippe and the Skeleton
07	06	2005	The Ray Card
07	07	2005	Bible Advertising
07	08	2005	Support Group...Did Pat Cry?
07	11	2005	Jack White
07	12	2005	The Toyota Tailgate Phenomenon
07	13	2005	The most important email in the world
07	15	2005	Roomba Cinema: Star Wars
07	18	2005	Roast Beef's I Got Problems website
07	19	2005	Pat: Trials of Honour
07	21	2005	Philippe and the Hole to China
07	22	2005	Little League Drinks
07	25	2005	Philippe's Car: Calvin Peeing in the Toilet
07	26	2005	Beef gets caught looking at tits
07	27	2005	Necklace or Cleavage?
07	29	2005	Circus Penis Has Left the Building
08	01	2005	Nice Pete finishes his book
08	03	2005	Ray's Toy Truck
08	04	2005	Ray steps in dog shit
08	05	2005	August's Friday Fun Facts
08	08	2005	Lyle's Harry Potter Fan Fiction
08	09	2005	Ray Insulted Russell Simmons?
08	11	2005	Todd wants to yell BALLS extremely loud
08	12	2005	Simon Calls! (Pat's Father)
08	15	2005	Discount Rehab at the Dementia Arms
08	16	2005	Get Your Leech On
08	18	2005	p o u l t r y ;
08	19	2005	Friday Facts from Around the World
08	22	2005	Philippe's Birthday
08	23	2005	Roast Beef bangs a website
08	24	2005	Nice Pete and the Garage Chicken
08	25	2005	HYPER-SPAM IN E-MAIL DIMENSION 9
08	26	2005	Ray's Nipple Rings
08	30	2005	Roast Beef and the Hull
08	31	2005	Pat's New Bumper Sticker
09	01	2005	Roast Beef's Harry Potter Fan Fiction
09	02	2005	Handicap Access
09	06	2005	Home Depot Sauces
09	07	2005	The Bloatee
09	09	2005	Pat's Aquarium
09	12	2005	George Clooney is Learning Coptic
09	13	2005	Cartilage Head
09	14	2005	Dinner With Cartilage Head
09	16	2005	Cartilage Head Offers Wine
09	19	2005	Cartilage Head and the Whispering Saw
09	20	2005	Cartilage Head: Grand Finale.
09	21	2005	921 Elden
09	22	2005	Proved Myself a Coward.
09	26	2005	Lyle Lovett/Kraftwerk rating
09	27	2005	Roast Beef's Science Show on Cable TV
09	28	2005	Jaime the Science Friend - taping
09	29	2005	Jaime Backlash
10	03	2005	Jaime's invitation from the KKK
10	04	2005	Hi-larious racialist hayoomah!
10	05	2005	Ray's apology about the KKK thing
10	06	2005	Milklin the Jehovah's Witness
10	07	2005	Philippe Times - October
10	10	2005	Milklin's other jobs
10	11	2005	Ray gives Milklin The Hose
10	12	2005	Roast Beef Tries to Help Milklin
10	13	2005	Milklin's ad in Reminisce Magazine
10	14	2005	Ray Holds Own Heart
10	17	2005	Ray and MENSA
10	19	2005	King Piss!
10	20	2005	Ray's Harlequin Costume
10	21	2005	Whiskey a la Mood
10	24	2005	Lassie.com
10	25	2005	Cornelius Bear's Lemony Snicket gig
10	26	2005	Pat and the KPMA Gripe of the Day 2005
10	27	2005	Guinness book of world records
10	28	2005	Jeepers Creepers
11	01	2005	Ray's Halloween Costume
11	02	2005	Ray's Comic Strip
11	03	2005	Charley Smuckles Suicide Watch '05
11	04	2005	Ray Discovers Little Nephew
11	07	2005	Teodor's Parkour Interlude
11	08	2005	Ray sees Téodor as intellectual
11	09	2005	Return of Showbiz
11	10	2005	Showbiz digs in
11	14	2005	Showbiz has the skitters
11	15	2005	Rockford Fosgate II
11	16	2005	Showbiz and the Notice of Collections II
11	17	2005	Holiday Gift Preview 2005
11	18	2005	Friday Facts for November
11	21	2005	Showbiz and the analog clock
11	22	2005	Showbiz eats all the gum
11	23	2005	Goodbye, Showbiz.
11	29	2005	THE TODD CREATION MYTH
11	30	2005	Pat's CheatLoaf
12	02	2005	The flivver and the Hardy Boys
12	05	2005	Ray has Happy Feet
12	06	2005	Ray's old-school glass of milk
12	08	2005	Nice Pete's voice actor audition
12	09	2005	Fuck You Friday for December 2005
12	12	2005	Ray's mom senses diabetes
12	14	2005	Ray writes to Reader's Digest
12	16	2005	Ray parks like a bitch
12	19	2005	Too early for pants
12	21	2005	Téodor in the warehouse
12	23	2005	Pat's eco-telligent best-stitutes
12	26	2005	Achewood Winter Break 2005, Day 1
12	27	2005	Achewood Winter Break 2005, Day 2
12	28	2005	 Achewood Winter Break 2005, Day 3
01	02	2006	Coming in 2006...
01	03	2006	Lyle's sink bath
01	04	2006	What Do They Dream About: Téodor
01	05	2006	Téodor the Téletubby
01	06	2006	Ray's Prison Pen Pal
01	10	2006	Helicopter Head Chop Off
01	11	2006	Todd's Ana-Tomix
01	12	2006	Ana-Tomix nuts for your phone
01	13	2006	Solo, by ChatSack with Karl Lagerfeld
01	16	2006	Ray's Mom Calls
01	17	2006	Ray Lies About Christmas Cards and Children
01	18	2006	Mrs. Smuckles and the Rib-eye
01	20	2006	Roast Beef and Mrs. Smuckles
01	23	2006	Pat and Mrs. Smuckles
01	25	2006	THE GREAT OUTDOOR FIGHT
01	27	2006	Rodney Leonard Stubbs
01	31	2006	Envelópe Martinez
02	01	2006	Meet Envelópe Martinez
02	03	2006	Beef is Ray's Great Outdoor Fight Roadie
02	06	2006	Ray and Beef to Fight
02	07	2006	Beef in the Fight
02	08	2006	Gossipy hot dog chef
02	09	2006	The Day Before The Fight
02	13	2006	Queueing for the Fight
02	14	2006	GOF DAY ONE - THE ACTION BEGINS
02	15	2006	Meeting Ron Sipes
02	16	2006	Beating Ron Sipes
02	17	2006	Ted Cobb and Barry King
02	20	2006	Sound and Motion
02	21	2006	Barry King's Blog
02	22	2006	Guaranteed Honky-Tonk-Style blowjob
02	24	2006	Fauntleroy Brown, the other BOC
02	27	2006	Lyle threatens to play a trumpet with his cock
03	01	2006	Summons to Turkey
03	02	2006	Turkeys and Brandy
03	03	2006	Ray in the Snack Tent
03	07	2006	Beef is Out of the Fight
03	08	2006	The Cody Travis Army
03	10	2006	Done at Rudy Cava
03	14	2006	Ramses Luther, Rodney Leonard
03	15	2006	Outside the Grounds
03	17	2006	Talking with Ramses
03	20	2006	Alright, let's go to the Jeeps
03	21	2006	The Jeeps take the field
03	22	2006	Commanding the Wrangler
03	23	2006	Burning Down the Acres
03	24	2006	Leaving the Acres
03	28	2006	Uncle George's
03	30	2006	Great Outdoor Fight - Final Strip
04	03	2006	The brave little Dutch boy / Lie Bot
04	05	2006	Philippe and the Couch
04	07	2006	Philippe eats Chapstick
04	11	2006	Philippe's creekbed bedside
04	13	2006	Philippe in the Blackness
04	14	2006	Forgot to tuck in Philippe
04	17	2006	Philippe is missing!
04	18	2006	Trashspotters catching up with Philippe
04	20	2006	Zell and Cory, back-story
04	21	2006	Philippe, King of the Dumps
04	24	2006	CHINA...NEEDS...COOOUUUCHES
04	25	2006	Emeril and Beef abandon Téodor
04	27	2006	Téodor and the Smut Door
04	28	2006	eBay Platinum Reserve
05	01	2006	Ray has Airwolf
05	02	2006	The Airwolf GUI Shortcomings
05	03	2006	Ray Kills Philippe
05	05	2006	Philippe imagines God
05	08	2006	How couches actually think
05	10	2006	Keith Moon's Head Alive
05	12	2006	Keith Moon's Alive Head
05	16	2006	Robert Smith's phone call to Téodor
05	17	2006	Achewood Award for Google
05	18	2006	Beef and Molly Cell Phone Chat
05	19	2006	Roast Beef's Aluminum Underpants
05	22	2006	The vestigial dong.
05	23	2006	Scientific dong study
05	24	2006	Téodor is Sci-Fi Curious
05	25	2006	The Boys Are Back In Town
05	30	2006	Trouble in the Pool House of Good and Evil
05	31	2006	Page from Beef's Zine
06	01	2006	Page 2 from Beef's Zine
06	02	2006	The Mega-nerds!
06	05	2006	Ray's SuperWoofer
06	07	2006	Magic Underpants Finale
06	08	2006	THE BADASS GAMES
06	09	2006	Badass Games Day 1
06	13	2006	Badass Games Event 2
06	14	2006	Miami's Review
06	16	2006	Badass Games, Car Quiz
06	19	2006	Magnus Intactus
06	21	2006	Cornelius wins the badass games
06	23	2006	Cornelius's Old-School Gothic Bus
06	26	2006	Ray's neighbor problem / pissing into empties
06	28	2006	Ray's Drawing Therapy
06	30	2006	Cornelius's Mensa Gig
07	03	2006	Pimp Skitters
07	05	2006	The Lyle / Todd con
07	07	2006	Morally Challenging Hot Sauce
07	11	2006	Beef's depressing celebrity-obituary job
07	12	2006	Roast Beef's workout tape
07	13	2006	Leo Fontanette
07	14	2006	Leo Fontanette and the Corn Field
07	17	2006	Leo's Funeral Plans
07	18	2006	The Mike Stonetower School
07	19	2006	Todd is on the Fuck Plan
07	21	2006	The camera is bad to Beef.
07	25	2006	George Michael and the shrubbery
07	26	2006	Ray at Whole Foods
07	28	2006	Téodor's Camera Tests
07	31	2006	Magical realism camera from Mexico
08	02	2006	Dreamwheel And The Child
08	04	2006	Simon arrives in Achewood
08	07	2006	Gladdington Castle
08	09	2006	Simon calls Pat for coffee
08	11	2006	Pat's Armor Comes Off
08	14	2006	Pat is Completely out of the closet
08	16	2006	Takin' it in the can
08	17	2006	Achewood baby edition
08	18	2006	Ray and Téodor golf chat about gay Pat
08	21	2006	The Brothers In The Syndicate
08	23	2006	Beef and the Rally Cars
08	24	2006	Excerpt from Beef's Zine no. 2
08	25	2006	Please Fuck Ray Friday
08	28	2006	Converted diesel car
08	29	2006	Yo mama jokes
08	31	2006	Roomba Cinema - Eraserhead
09	01	2006	ROOMBA CINEMA - Pump Up The Volume
09	05	2006	Saddest Thing Tri-reduxtastic
09	06	2006	Ray's Magreaux Dog
09	07	2006	It winds down for Ray
09	08	2006	Sanryobuki RemoteMed Trio
09	11	2006	Auf Deutsch
09	13	2006	Ray's Sex Life, with Pat
09	14	2006	Philippe's Mystery Story
09	15	2006	Ray Understands Computers
09	18	2006	palindromes
09	19	2006	Little Nephew and the Vaseline
09	21	2006	Bensington Butters' dark secret
09	22	2006	Scooby and Scrappy
09	25	2006	Ray calls O'Malley, Private Eye
09	26	2006	Magical Realism cell phone
09	28	2006	Bensington cheaps on the copter to Cabo
09	29	2006	The helicopter sprouts legs
10	02	2006	Helicopter Longlegs
10	03	2006	Characters, Warehouse
10	04	2006	Warehouse II
10	06	2006	Enter the Warehouse
10	09	2006	Meeting Lonis F. Edison
10	11	2006	Lonis Edison's Ketchup Plans
10	12	2006	CATCHING UP WITH BENSINGTON BUTTERS
10	13	2006	TGI Judas Priest Friday
10	16	2006	Roast Beef and the News
10	17	2006	The Baying Hematite
10	19	2006	Reprogramming Bensington
10	20	2006	Philippe Friday Facts Fall 2006
10	23	2006	Bensington as shirtless Irish jump-dancer
10	24	2006	Lyle's hat trick
10	25	2006	Ray Walks Home From Mexico
10	27	2006	Friday Facts - Nudity
10	30	2006	Philippe invents the Dogcken
10	31	2006	Look into Ray's eyes while he pees
11	01	2006	Beef's Zine No. 3 - excerpt
11	03	2006	Téodor's Romance Novel
11	06	2006	Chinese People / Delicacies
11	07	2006	Erotic Wine Tasting
11	09	2006	Todd forgot to hibernate
11	10	2006	Junk Plucker
11	13	2006	When geniuses and trucking collide.
11	14	2006	Jack and Diane Party
11	15	2006	Roast Beef's Odor
11	17	2006	Emeril vs. Jesus
11	20	2006	Beef's Anti-Depression Lamp
11	21	2006	Ray's Chinese Delicacy.
11	22	2006	Ray Against Unnecessary Faxes
11	27	2006	Nice Pete's Sketchbook
11	29	2006	Ray's Stupid Cell Phone Conversation
11	30	2006	Molly's Tiffany Slut Gift
12	01	2006	Lyle, Pornography, Rent
12	04	2006	Meg White NAKED
12	05	2006	Beef, Depression, Toast
12	06	2006	Vlad's SPICE gig
12	08	2006	Friday Facts December 2006
12	11	2006	Mister Band
12	13	2006	Ray signs Mister Band
12	14	2006	Antonyne Cheops Smuckles
12	15	2006	Antonyne Cheops, Man of Claims
12	18	2006	Story of Rustmouth and Silent Bird Wallace
12	19	2006	Aloisius, Stone Bird
12	21	2006	Rustmouth and Silent Bird
12	22	2006	Pete has Music Hair
12	26	2006	Mister Band Lyrics
01	02	2007	Ray's Gay Romance Novel
01	03	2007	Lyle is demoted from Mister Band
01	04	2007	The Lyle-Téodor Swap
01	05	2007	Ray wants weed from Téodor
01	08	2007	Making light of Nice Pete's musical sensibilities
01	09	2007	Ray invents hip-hobbit.
01	11	2007	The Wizard Dined on Coelacanth.
01	12	2007	Nice Pete's iKill
01	15	2007	Nice Pete's call with Hajul the EE
01	16	2007	Nice Pete gets stabbed in the head
01	17	2007	Nice Pete's ass gets stabbed
01	18	2007	Ray plays Whac-A-Mole at life
01	22	2007	Ray as the New Jesus
01	23	2007	Zine 4 outtake
01	25	2007	Quail Bible
01	26	2007	Molecular Gastronomy
01	29	2007	Speed Bumps
01	30	2007	Sleep-chillin'
01	31	2007	Ray Glocks a Cow
02	02	2007	Too Depressed to Grocery Shop
02	05	2007	Tostadas
02	06	2007	Polack Magazine
02	08	2007	Todd back from heaven
02	09	2007	Lyle's Vinegar Ablution
02	12	2007	Cornelius's Special Bowl
02	13	2007	Ray's New Google Logo
02	15	2007	Ray's Urine
02	16	2007	Philippe Goes Deaf
02	20	2007	Ass to Breast Man
02	21	2007	The Ass-Breast Test
02	22	2007	Breast Man Perks
02	23	2007	The WalletPen!
02	26	2007	The Julie and Julia Strip
02	27	2007	al-Qaeda Cook Book
02	28	2007	Roast Beef Flowchart
03	01	2007	Ray's Flowchart
03	02	2007	Lyle's Friday Flowchart
03	05	2007	Leon Sumbitches
03	07	2007	Jewish Supplies
03	08	2007	Writing to Leon Sumbitches
03	09	2007	Reply from Leon
03	12	2007	Hearing Back from Leon Sumbitches
03	13	2007	Calling out Leon
03	15	2007	Meeting Dr. Leon Adoso Sumbitches
03	16	2007	Good bye, Leon Soom Beh Cheh
03	19	2007	Pat Reynolds Flowchart
03	21	2007	Reinventing Gay Porn
03	22	2007	Rampin' up the Gay Porn Biz
03	23	2007	Weepy-Weep
03	26	2007	Oskar and Reiner's Schvitz Party
03	27	2007	Can I Get Off To This?
03	28	2007	The Gay Porn/Moonwalk Analogy
03	29	2007	Reinventing Gay Porn Take 2
03	30	2007	Gary Sinise Will Not Be In This Gay Porn
04	02	2007	Getting Through to Simon Cowell
04	03	2007	Superimposing Rod Huggins
04	04	2007	Directing Rod Huggins
04	05	2007	Ray Breaks On Through To The Other Side
04	06	2007	Unbathing Rod
04	10	2007	Pat's Chance Encounter With Rod Huggins
04	11	2007	Bad porn.
04	12	2007	Rod and Pat at the Diner
04	13	2007	Friday Facts - Ray Came Over
04	16	2007	Ray Commissions a Romance Novel
04	17	2007	Spanking the President for Cash
04	18	2007	Todd's Flowchart
04	19	2007	Vlad Flowchardt
04	23	2007	Slow pitch softball
04	24	2007	Beef's Baseball Conditions
04	25	2007	PLAAAAYYYY BAAAALLLLL
04	26	2007	Ray's Excellent Bat
04	30	2007	The First Pitch
05	01	2007	Nightlife's opening pitch
05	02	2007	The Extent of Ray's Injuries
05	03	2007	Andretti's Assessment
05	04	2007	Friday Facts - Ray's Condition
05	07	2007	Ray's Afternoon Therapy
05	09	2007	Ray has finished his retardancy
05	10	2007	The Slow-pitch Softball of the Heart
05	11	2007	Fuck You Friday - Pat Edition
05	14	2007	Chris's Sick Day
05	15	2007	Lawnimatronics
05	16	2007	Ugliest Yard Contest Day Two
05	17	2007	Operation Horrible Front Yard
05	21	2007	How Much of The Man is Beef
05	22	2007	Proposal dry-fires
05	23	2007	Love On Paper
05	25	2007	Popping in to the Dude and Catastrophe
05	29	2007	Ray Pens His Wedding Toast
05	30	2007	Chevy Ford Wo's
05	31	2007	The Wise Points of the Crudgens, Considered
06	01	2007	Spreading the Love
06	04	2007	The Ring.
06	05	2007	The chick cares about the dude when the dude does not care about the dude
06	06	2007	Agua
06	07	2007	Nick Hornby said it first
06	08	2007	Yet Another Alternative Energy Source
06	11	2007	California Bridegroom
06	12	2007	MWY no. 5 excerpt
06	13	2007	Marriage got to get paid, son.
06	15	2007	Wedding Registry
06	18	2007	Even Gouging Pat a Little
06	19	2007	Help, My Friend is a Church!
06	21	2007	Don't Change, Man.
06	22	2007	Friday Facts - Lyle's New Glasses
06	25	2007	Ray's Baseball Card
06	26	2007	The Etiquette of Death by Helicopter
06	28	2007	New Bidet
06	29	2007	Molly's Father
07	02	2007	Lyle's Baseball Card
07	03	2007	Performance/Pay Inequalities
07	05	2007	Comic Sans
07	06	2007	Friday Facts / Fig You Friday edition
07	09	2007	Can I has Cheezburger
07	10	2007	This is one of the worst cat mistakes.
07	12	2007	The Ugly Thoughts
07	13	2007	Philippe's Baseball Card
07	16	2007	No One is Less Important Ever than a Teenager
07	17	2007	Lolcat Scratch Fever!
07	18	2007	Ray's Lolcat Regrets
07	19	2007	The Childhood Drum
07	20	2007	Friday Facts - Sports Edition
07	23	2007	Ray Bests Up on Beef.
07	25	2007	Whiskey Dick, Examined
07	26	2007	Lyle's Children's Book
07	30	2007	Saddest Thing IV
07	31	2007	K-Y Jelly
08	02	2007	German Lessons
08	03	2007	Well changed rural test from a lady
08	08	2007	Is Roast Beef a butthole?
08	09	2007	Hyype Therapy with Chaka
08	10	2007	Ray's Chaka Session con't
08	13	2007	Philippe Times Monday Science Section
08	14	2007	Téodor's interior monologue
08	16	2007	What Ray Thought About Today
08	17	2007	Roast Beef's Initial Considerations
08	20	2007	FiestaMax
08	21	2007	Leaving Fiesta Max
08	22	2007	Philippe's 5th Birthday Party
08	24	2007	The Butcher's Diagram
08	27	2007	Lyle in Traffic Court
08	29	2007	Téodor's Flowchart
08	30	2007	Nice Pete's Flowchart
09	04	2007	Time is the only magic
09	05	2007	An Uncomfortable Problem We've All Experienced.
09	07	2007	Ray's Drawing Problem
09	10	2007	Mr. Bear's Junk Mail Folder
09	12	2007	The Cornelius Thought and Decision Minder
09	13	2007	Philippe's Inner Machinations
09	17	2007	Ray's Merkin
09	18	2007	Bubble Gum
09	20	2007	A Bra.
09	21	2007	Fuck You Friday September Twenty-First
09	24	2007	Todd's Late Night Show
09	25	2007	Todd's Skit Ideas
09	26	2007	Todd's Contract
09	28	2007	Delicious Coke Shake
10	01	2007	Our Sixth Anniversary.
10	02	2007	The Future
10	04	2007	Managing Todd
10	05	2007	The Candle that Didn't Need Wind
10	08	2007	Leaving Las Vegas
10	09	2007	Time to Get the Juicy Dirty Tell-All Started
10	11	2007	Bill Gates Fan Fiction
10	12	2007	Friday Acts
10	15	2007	The Todd Show, ep 1
10	16	2007	The Todd Show, ep 1 pt 2
10	17	2007	Todd Show Finale
10	19	2007	Wrap-up Call
10	23	2007	Being Teodor Orezscu
10	24	2007	Cooling it with a rental
10	25	2007	The Rad Day
10	26	2007	Facts Enough for the Weekend.
10	29	2007	The Writer.
10	30	2007	Shampoo
11	01	2007	Halloween Candy
11	02	2007	When Best Friends Talk
11	05	2007	Ray's Japanese Toilet
11	07	2007	Philippe Inquires About Homosexuality
11	08	2007	Guinness Book
11	12	2007	Searching for one's self on eBay
11	13	2007	He Meets Him.
11	14	2007	Guy Talk
11	16	2007	Friday Facts - Get Tough Edition.
11	19	2007	Ramses is a Master of Many Crafts
11	20	2007	He Got it From Father.
11	21	2007	The Last Hardy Boys Book.
11	26	2007	When a Lady Does a :(
11	27	2007	Ray Knows From Deuces.
11	29	2007	Lyle's Dildo
11	30	2007	The Perky Pervert
12	03	2007	Nolan
12	05	2007	The terrible fear revisited
12	06	2007	Key Words
12	07	2007	Philippe's king equipment
12	10	2007	Why Did You Hit The Computer
12	11	2007	Pay attention.
12	13	2007	Previously.
12	14	2007	Friday Facts, with a light horse theme.
12	17	2007	Courtesy. It's catching.
12	19	2007	Evening Ink
12	20	2007	The Needle and the Damage Done
12	21	2007	Presumed hard and left for absent.
12	24	2007	Reissue - Little Nephew's Hip-Hop Pants
12	26	2007	Reissue - The Mountain and the Motorcycle
12	27	2007	Reissue - Killing is Like Basketball
12	28	2007	Reissue - Ray Gets Sort of Stoned
01	02	2008	Ray's Annual Book.
01	03	2008	Stephen Hawking
01	04	2008	The Amazon Package
01	07	2008	The Kid Computer
01	09	2008	Rough miles and raw whiles
01	11	2008	Another Man's Way
01	14	2008	Abraxas
01	16	2008	Million Story Building
01	18	2008	Microsoft Spatchcock Supper
01	21	2008	There is a New Mayor
01	23	2008	Politics.
01	24	2008	Quebec
01	25	2008	The Perfect Idea.
01	28	2008	Ray hits his stride.
01	30	2008	The Dude Keeps Declaring.
01	31	2008	A Call from Sondra.
02	04	2008	Ray Covers His Bases
02	05	2008	Mopey Téodor
02	07	2008	Roomba Cinema, Pulp Fiction Edition
02	08	2008	Love Among the Chioggia
02	11	2008	Choosing the Right Tea.
02	12	2008	Inside the Mind of Sondra Smuckles
02	14	2008	Valentine's Day.
02	18	2008	The Achewood Generator
02	19	2008	The Transatlantic Cable
02	21	2008	The Kid Who Ended The Mafia.
02	22	2008	Harper's 27 Women.
02	28	2008	Touch of Grey.
02	29	2008	Making the Rent
03	03	2008	Nice Pete begins A Marvelous Romance
03	04	2008	Philippe's Text Adventure
03	06	2008	Dungeons and Dragons Explained
03	07	2008	An Afternoon With Molly Sanders
03	10	2008	Knuckleheads Magic Adventure
03	11	2008	Ray's Penance.
03	13	2008	Showbiz Weighs In On The Wedding
03	14	2008	First Dance
03	17	2008	One for the Brits.
03	18	2008	The Joys of Formula One
03	20	2008	Philippe at Laszlo's
03	21	2008	To their dismay, this happens.
03	24	2008	Roast Beef and the Prostitute
03	26	2008	Breast Implants.
03	27	2008	Hangin' Out Readin'
03	28	2008	1950s Ethical Technology
04	01	2008	Cornelius's New Computer
04	02	2008	The New Laptop Arrives.
04	03	2008	Booting the Shrovis.
04	04	2008	Problems With the Shrovis.
04	08	2008	Chatting With Mr. Teal
04	09	2008	The Return of Mr. Teal
04	10	2008	Burying Keith the Publican
04	11	2008	Cornelius in the Cooler
04	15	2008	Getting Boffined
04	16	2008	The Boffin.
04	17	2008	Fetching Cornelius
04	18	2008	Fetching Cornelius II
04	22	2008	The Mad Dash of The Boffin
04	23	2008	Roomba Cinema - A Clockwork Orange
04	24	2008	Beef's Stationery Issues
04	25	2008	The Kazekzakis Card Company.
04	29	2008	Stationery - Rapid Growth Phase.
04	30	2008	Universal Card for Dudes.
05	01	2008	Shake That Money Maker
05	02	2008	Dan in the Morning
05	06	2008	Waylaid in Texas
05	07	2008	An Appreciated Man
05	08	2008	The Man From C.H.I.V.A.S.
05	09	2008	Wealth Intervention
05	13	2008	Finland.
05	14	2008	Pizza Parlor Fantasy
05	15	2008	Ray's New Biographer
05	16	2008	Plied with fine music
05	20	2008	Nice Pete, Amanuensis.
05	22	2008	The Resignation of the Amanuensis.
05	23	2008	Wedding Invitation.
05	27	2008	Beef's Bachelor Party - Planning Stages
05	29	2008	Martha Stewart Weddings
05	30	2008	A Look Inside...Roast Beef Weddings
06	03	2008	Wedding Menu
06	04	2008	Wedding Vows
06	05	2008	The Pre-Nup
06	10	2008	The R.S.V.P.
06	11	2008	Picking Up Showbiz at the "Airport"
06	12	2008	See That You Do.
06	13	2008	T-minus Three Weeks.
06	17	2008	The Serious Men of Bread Convene.
06	18	2008	Forever Hold Your Peace.
06	19	2008	O Brother, Where Art Thou?
06	20	2008	Bachelor Pre-Party.
06	24	2008	Wedding Menu Redux.
06	25	2008	In the Home Stretch.
06	26	2008	Home Stretch - The Board Game
06	30	2008	Bachelor Party
07	01	2008	Guests Trickle In.
07	02	2008	Closing in on Love.
07	03	2008	Penultimate Wedding Montage
07	07	2008	Flop Sweat.
07	08	2008	A Winter Son.
07	10	2008	The Guests Gather.
07	11	2008	On Rails.
07	15	2008	The Math.
07	17	2008	Reception Scene One.
07	18	2008	Reception Scene Two.
07	22	2008	Exeunt Ramses.
07	24	2008	Blunderbuss Comix No. 1
07	25	2008	Blunderbuss Comix No. 2
07	29	2008	Caboose.
07	31	2008	Knuckleheads to the Minute
08	01	2008	Self-Confidence.
08	05	2008	Conspirogami.
08	06	2008	Progeny Dialectic.
08	08	2008	Crosswalk Karma.
08	11	2008	Good Country Decorum.
08	15	2008	The Lyle Creation Myth
08	19	2008	Educating Philippe.
08	20	2008	Philippe's Birthday.
08	22	2008	In The End, We Are All T.A.F.
08	25	2008	Rod Huggins Morning Flowchart.
08	26	2008	Senior Portrait.
08	27	2008	LovePhoenix
08	28	2008	Tina's MBA.
09	02	2008	Belly Button.
09	03	2008	This Is Not A Strip!
09	05	2008	Patching Up a Friend.
09	09	2008	Medical Discretion.
09	10	2008	From the Pages of Gentleman's Quarterly
09	11	2008	Circumstances of the Heart.
09	12	2008	It's a Fuck You Friday!
09	16	2008	The Extrication Plot
09	19	2008	En Route to the Radisson.
09	23	2008	Meeting Prince Kharmoud Halat
09	25	2008	Summit of the Kinky Minds.
09	27	2008	Enter the Commodore.
10	01	2008	Exit the Commodore.
10	06	2008	Philippe's Halloween Costume
10	08	2008	That tired old election year Canada claim.
10	13	2008	The Last Time You Make Love
10	15	2008	At Larry Borgioni's The Cheetah Room.
10	17	2008	Cannonball
10	20	2008	Escape velocity.
10	23	2008	Sussin' Connie
10	27	2008	Morning at the Parallel Corral
10	29	2008	In Point of Fact.
11	01	2008	Tattoo discussion.
11	11	2008	Catching Up.
11	15	2008	A Little More Catching Up.
11	17	2008	A Proposed Dinner Party.
11	20	2008	Ray's Dinner Party
11	23	2008	The Boy Who Saved the Airplane
11	26	2008	Deconstructing Ray Smuckles.
12	02	2008	Under the Hood.
12	04	2008	Flubbus Interruptus.
12	09	2008	The Mise en Place of Love.
12	15	2008	Enter the Sous Vide.
12	18	2008	Because I Got Depression.
12	22	2008	Waldenbooks
12	24	2008	Christmas Eve 1981
01	06	2009	Coming in 2009
01	12	2009	The Visible Heel of Adam Smith
02	02	2009	Genteel Wherewithal
02	04	2009	Professor Gabriel
02	06	2009	It's a Fuck You Friday.
02	11	2009	Always Visit the Right Man.
02	13	2009	A New Friend.
02	16	2009	Phrase Out of Water.
02	19	2009	Sideburn Generator.
02	21	2009	Roast Beef's stomach needs a name. How about Greg? Or Nick. Or Nestor.
02	24	2009	Fixing the Economy
02	26	2009	Performance Anxiety
03	02	2009	Distributed Homeboys
03	05	2009	The Pocket Dial.
03	10	2009	The Actual Story of Lyle.
03	12	2009	Darlene and Lyle.
03	15	2009	Understanding Darlene.
03	17	2009	The Firebrand and the Firewater.
03	18	2009	History as Commodity
03	20	2009	The Wii Manifesto
03	23	2009	Vlad's Coup.
03	25	2009	Ray on the Vlad Show.
03	27	2009	Pat on the Vlad Show.
04	01	2009	Téodor on the Vlad Show.
04	03	2009	Darlene and the Baja.
04	08	2009	Bead and Breakfast
04	09	2009	Four Misuses of Civic Property
04	10	2009	Friday Facts, Birthday Edition!
04	13	2009	Peter, Paul, and Mary
04	19	2009	The Farm Has a Nickname For Its Rooster
04	20	2009	Roast Beef's Tone Poem
04	23	2009	The Carcinoslippery Slope.
04	26	2009	Taking Pat and Rod's Vacation Mail
04	28	2009	Wales, 1676
04	30	2009	When Simple Worlds Collide.
05	04	2009	Romanticized Sketch of the Birth of the Nacho.
05	08	2009	Peat-Boxing
05	11	2009	The Reluctant Minstrel
05	13	2009	The New Polyprofligates.
05	15	2009	Coaching Padrig.
05	19	2009	A Dangerous Sense of Entitlement to Artificial Comforts Pervades.
05	22	2009	A Certified Letter.
05	26	2009	Ray in the Public Storage.
05	30	2009	The Finest Stone in Wales.
06	02	2009	Winning Lloyd Over.
06	04	2009	A Complication Involving Sheep.
06	10	2009	Emergency Origin Myth for Charley, Etc
06	14	2009	The Men Take a Selfish Aside.
06	15	2009	A mis-step.
06	18	2009	A Return to Smucklewood Manor.
06	23	2009	Cornelius on Facebook.
06	28	2009	The Moonwalk Has Come to a Full and Complete Stop.
06	30	2009	Philippe - A Love Romance.
07	02	2009	The WISMOD.
07	06	2009	Getting High On One's Own Supply.
07	08	2009	A Letter from Williams-Sonoma.
07	13	2009	Cornelius Abdicates the Throne.
07	16	2009	Ray's Lousy Sapphic Erotica Gets Called Out.
07	18	2009	Chuck Seizes the Metric by its Jugular.
07	21	2009	Téodor accidentally pleads his case.
07	23	2009	Téodor pulls a Dignity.
07	27	2009	Master of Ceremonies.
07	29	2009	He Stands On No Ceremony.
08	02	2009	The Contest Begins.
08	05	2009	Roast Beef, He Falls. Fine.
08	06	2009	Two cards.
08	10	2009	How to Not Hold On.
08	13	2009	A Courteous Primer.
08	17	2009	Seat Z-1.
08	20	2009	OnStar to the Rescue
08	25	2009	Who is the Cat / in the Yurdish Dying Hat?
08	27	2009	EOF
08	31	2009	Karmic Cycle.
09	03	2009	My One Big Day Off.
09	04	2009	Roast Beef Takes a Gamble
09	08	2009	Of Head Wounds and Identity.
09	12	2009	Don't Want Today? Then Flip the Switch Negative on Today.
09	15	2009	Thanatos Has Left the Building.
09	21	2009	Tone Unsuited to Subject.
09	23	2009	The Man Weathers No Editor.
09	28	2009	Striptease Greenhorn
09	30	2009	Vocation, or, a Calling from God.
10	05	2009	That Man is a Business.
10	09	2009	Don't Load That Gun.
10	14	2009	The First Guy to Do That
10	17	2009	Sorry this took so long.
10	21	2009	Easter Egg!
10	23	2009	Narpissus and Oldmund
10	28	2009	Nesting.
10	30	2009	The Bro-mance Days.
11	02	2009	Maakies Guest Strip
11	07	2009	Chilling with Lee Sungjae.
11	15	2009	How It's Going!
11	19	2009	Think of the Children.
11	24	2009	Everything You Do Is Wrong
12	01	2009	Posting in parts. A test.
12	03	2009	Part Two.
12	05	2009	To Go Online, Or Not.
12	10	2009	The Pope Does Not Know Any Sluts.
12	18	2009	The Semiotics of Cultural Self-disregard
12	21	2009	Prosciuttolax
12	22	2009	Out-of-Character Komix No. 1!
12	23	2009	Out-of-Character Komix No. 2!
12	31	2009	2009 In Review.
01	04	2010	Predictions for 2010
01	07	2010	Roomba Cinema Presents James Cameron's Avatar.
01	08	2010	Fuck You Friday No. 1, 2010
01	15	2010	Small Times. A Look.
01	17	2010	Toxic User Culture
01	22	2010	Maturation.
01	31	2010	Pat, I Am Like You Now.
02	02	2010	Two Hearts Beat as One
02	06	2010	Doppelganger.
02	16	2010	Philippe, Entrepreneur.
02	22	2010	Shirley Temple
02	28	2010	Find Something You Like and Copy it.
03	03	2010	It's Just Business.
03	10	2010	He Will Get Inside Its Head.
03	12	2010	To Sleep, Perchance to Dream.
03	16	2010	He Calls Himself Yojimbo.
03	19	2010	P-roll.
03	23	2010	Revenge of Yojimbo
03	26	2010	Available Balance.
03	30	2010	What Is Home
04	02	2010	Pockets Full of Sand
04	06	2010	Leg One.
04	08	2010	Leg Two.
04	09	2010	She'll Call You Back.
04	13	2010	The Arithmetic.
04	15	2010	Waking Up At Home.
04	17	2010	Back From Early Mass.
04	22	2010	Père
04	26	2010	Penultimate-ish.
05	04	2010	The Finger-Pointers.
05	09	2010	Considerations Far and Wide
05	11	2010	Your High School Name
05	14	2010	Michael's Song
05	18	2010	Mayner and Lurquilla
05	21	2010	American Graffiti
05	24	2010	The Other Walk of Shame.
05	26	2010	Denny's
05	31	2010	Tiene Mas Pompas
06	04	2010	At Denny's.
06	08	2010	Go For It
06	10	2010	Shades of Darlene.
06	18	2010	The Test.
06	22	2010	Darren's Lament
06	28	2010	The Unhinged Narrator.
07	04	2010	This is THE van ride of 2010.
07	09	2010	Van Me One More Time.
07	15	2010	I'm Proud of You.
07	25	2010	Operation Chernchilla Schlep
08	03	2010	Emeril is also an Objecto-Solipsist.
08	12	2010	Brisket36
08	24	2010	Citizen Roomba
09	10	2010	Another Lovely Fuck You Friday.
09	23	2010	Back to Where We Left Off.
09	30	2010	Some Play Checkers, Some Play Chess
10	18	2010	Diverting Peter C.
11	05	2010	It's All He Can Do
11	18	2010	Honest Man Comix
12	02	2010	President of the Bad Answer Club
12	10	2010	How To Be Happy
01	05	2011	2011 Predictions
02	20	2011	The Hiatus
11	23	2011	Ray In Rehab
12	05	2011	At The Hospital.
12	14	2011	In the Henhouse
01	03	2012	Scrabble
02	02	2012	Creating Achievements
02	03	2012	At Henrietta V. Noniscani
02	09	2012	The Laser Printer
02	20	2012	Street Sheet
03	13	2012	Interlocking Sevens
04	01	2012	Pizza Party, Maintenance Man
04	03	2012	Who Shaved Ray?
04	13	2012	Out From The Waiting Room
05	14	2012	Manwich
05	19	2012	Altimiter
06	20	2012	Six Tickets to the Same Organ
08	09	2013	Pain is a man with a name.
08	15	2013	Bass Club
08	23	2013	1987
08	30	2013	Getting Well
09	06	2013	Whiskey Shits
09	09	2013	Sex Boxx
09	20	2013	Fuck You Friday - Fuck For Gasoline
09	27	2013	HIS-WAY
10	04	2013	Nice Pete's Woman Breakthrough
10	11	2013	Philippe's Will
10	18	2013	Honey-Don't
10	25	2013	Old School
11	01	2013	Twitterpated
11	08	2013	These Are The Good Old Days
11	15	2013	Uterine Embolism
11	22	2013	Most Honorable Puberty
12	06	2013	Penny In a Fountain
12	13	2013	Punk Rock, Motherfucker
12	20	2013	The Thin Slice is the Deepest Slice
01	03	2014	To Be Someone Must Be a Wonderful Thing
01	10	2014	Hash Browns
01	17	2014	The National Sentence Council Returns
01	24	2014	Penny Meets Philippe
01	31	2014	The Classic Freekeh-Chiah Interlude
02	14	2014	Cerberus has spoken
02	21	2014	To Chambers
03	01	2014	First Kiss
03	18	2014	Backfilling a Life
03	21	2014	Fuck You Friday - Office Smells Edition
04	07	2014	Spring is in the air – Ramses edition
12	24	2015	Fuck You Friday - Q-Tips and Aurelius
01	01	2016	Nude Helsinki
01	08	2016	Maniacs At The Curb
01	15	2016	Ray Goes Paleo
01	22	2016	Charlie Brown Returns
01	29	2016	Lemmy's Death Is Our New Roommate
02	05	2016	Roast Beef's Coffee Situation
02	19	2016	Bikini Barista
02	26	2016	Philippe For President 2016
03	04	2016	The Latest News About Hitler's Cock
03	11	2016	Beef's Password Screen
03	18	2016	The Good Old Days
03	25	2016	Tis My Taint Cream
04	01	2016	Man Bun
04	08	2016	Showbiz, Traveler of the Frontage Roads
04	15	2016	The Harvard Study
04	22	2016	Dieting Conversations
05	06	2016	Ray explains abortion to a child
05	13	2016	Improv With Beef
05	20	2016	The Five-Minute Journal
05	27	2016	Roast Beef's Relationship Flowchart
06	03	2016	The Soda Wars
06	10	2016	Roomba Cinema - The Right Stuff
06	17	2016	Ray Sleeps Through Sondra's Birthday
07	01	2016	Ray is grousing about alcoholism
07	08	2016	Teodor discovers Cheryl Strayed's yard sale of thoughts
07	15	2016	Five Minute Journal II
07	22	2016	It's Not Special When You Smile
07	29	2016	Showbiz on the outskirts
08	12	2016	Mini Golf For The French
08	19	2016	Todd Yells Balls, 1 of 2
08	26	2016	Todd Yells BALLS, Finale
09	09	2016	Marijuana is not Coffee
09	16	2016	Boozeless Flirting
09	23	2016	Ray and T Redesign Education
09	30	2016	Getting high is our responsibility
10	07	2016	Pat's Parking Tickets
10	21	2016	Fuck You Friday, Health Concerns Edition
10	28	2016	Philippe President Flash-Forward
11	11	2016	Ray stands up for himself
11	18	2016	GOLDEN TABLOID
12	01	2016	Safe Zones
12	09	2016	Zauberpunkt Licorice Nubs
12	25	2016	End of Golden Tabloid
