Month	Day	Year	Title	Assetbar
10	01	2001	Philippe is standing on it	uua243gbF
10	02	2001	T&eacute;odor's birthday presents	uua62zf2z
10	03	2001	The new catalog has arrived	uua8Xpg5d
10	04	2001	Who ate my 'shrooms?	uua1kdR3Q
10	05	2001	A call to Modemtown	uua7sMJtb
10	08	2001	Someone is at the door	uua9Nbvb7
10	09	2001	Achewood ca. 1902	uua2X3bBv
10	10	2001	Bedtime	uuads0Kgc
10	11	2001	Philippe has a Walkman	uuac4jk41
10	12	2001	Lie Bot	uua1l5TtK
10	15	2001	Philippe's mouth	uuaff71RZ
10	16	2001	The backyard gig	uuaPGCPJd
10	17	2001	T&eacute;odor in the chat room	uuagcvZRf
10	18	2001	Guest-starring Lyle	uuabFd1mV
10	19	2001	That's how the Internet works	uua4p9x4m
10	22	2001	Liquor Cabinet Taste Test	uua7V4wZP
10	23	2001	A Curious Therapy	uuabxq9WV
10	24	2001	Lie Bot redux -	uua5vSBQw
10	25	2001	The miniature golf hole	uua1D5MbL
10	26	2001	A discussion on AIDS	uua6cxDRP
10	29	2001	The Web Designer	uua8vvB27
10	30	2001	Lie Bot's Shoes	uua8BJwnX
10	31	2001	Halloween	uuacCLkkD
11	01	2001	A question of female anatomy	uuadpsgJv
11	02	2001	Sick in bed all day	uuab6XpG6
11	05	2001	Lie Bot, what is the saddest thing	uuafdPxPq
11	06	2001	Ordering a pizza	uua1VJWzs
11	07	2001	Orange creamsicle alcohol drink	uua7bVZfM
11	08	2001	Poker	uuacQsT4X
11	09	2001	Antiques Road Show	uua3QXD0R
11	12	2001	The Humans Show	uua6Z8gJb
11	13	2001	He is strange in his sleep	uua90blWG
11	14	2001	Todd the Squirrel	uuaZTWVtR
11	15	2001	International relations primer	uuagd52pF
11	16	2001	T&eacute;odor has met a girl!	uua69TZPH
11	19	2001	Scrabble	uuadFzv4S
11	20	2001	Todd the Squirrel: Prayers	uuadGQhWT
11	21	2001	Todd's new van	uua9HH6r1
11	22	2001	A terrible Thanksgiving	uuacz20DR
11	23	2001	Closure	uua3dGbl4
11	26	2001	Three's company	uuaLjW1mw
11	27	2001	Replacement Characters	uua77C6LB
11	28	2001	Kisses	uuad5KC8w
11	29	2001	Penny_in_a_fountain	uuafRfk0l
11	30	2001	Starting the old car	uua8PV0jX
12	03	2001	I'm deformed	uua1wgRqR
12	04	2001	Silk Robe	uua93Rbv8
12	05	2001	A change of operating systems	uua1mCj5T
12	06	2001	Todd; open mic nite	uua5RHtx0
12	07	2001	Cutlery ads; bourbon	uuad7hBg1
12	10	2001	Bloopers and outtakes	uua1GhzrH
12	11	2001	Dreams of good people	uuazd21JX
12	12	2001	I am too drunk to drive	uua3Wr9pc
12	13	2001	Gearbox Symphony	uua2RrN84
12	14	2001	An issue of cussing	uuab1gV8m
12	17	2001	Mousse/She's getting closer	uuafjxC40
12	18	2001	A dangerously good haircut	uua1NB52d
12	19	2001	Waiting for Penny	uua5Tq1pg
12	20	2001	Lyle's pensive morning moment	uua94vfTv
12	21	2001	YOUR&nbsp;&nbsp;OLD&nbsp;&nbsp;FRIEND&nbsp;&nbsp;BLISTER	uua5kk3ZH
12	24	2001	The Afterlife	uua9bdL4V
12	25	2001	Merry Christmas With Teodor	uua16W4N8
12	26	2001	The unfinished strip	uuabDwXC5
12	27	2001	Belated Christmas strip	uuadZxKCv
12	28	2001	Old home movies	uuabvK6QD
12	31	2001	New Years' Eve with Mr. Bear	uua62hp2m
01	02	2002	I Love My Fat Son	uua1Nv8nV
01	03	2002	There is a snake in the yard	uua3kGZJL
01	04	2002	Hand-held fan	uuafck8vW
01	07	2002	We attempt a knock-knock joke!	uuadt4Njd
01	08	2002	Kung Foo	uua838VjX
01	09	2002	Van Practice	uua462rcp
01	10	2002	The dirtiest dudes in town	uua77KMzz
01	11	2002	Chillin' by the window	uuaJKSkfv
01	14	2002	Dirty-talk montage	uuadq87Fx
01	15	2002	At Ray's crib	uua6C0d5m
01	16	2002	Ketel One	uua8SRWjC
01	17	2002	T&eacute;odor's dream	uuabS2B0T
01	18	2002	Cutting Room Floor #1	uuac5mrDS
01	21	2002	Mr. Smuckles is missing	uua8KqqVt
01	22	2002	Brain practice	uuafpWxKB
01	23	2002	The terrible fear	uua6vcbm1
01	24	2002	Man, it was a only vasectomy	uua9FjFhP
01	25	2002	Hey, you're the best!	uua1NMCc5
01	28	2002	We're into education now.	uuacnXTG8
01	29	2002	Philippe's mom phones	uuadrFDLM
01	30	2002	Political cartoonists are all hacks	uuag5KLNh
01	31	2002	Ray's problem in the kitchen	uuad8sV3l
02	01	2002	Todd's natural enemy	uua7hXRJS
02	04	2002	french fry	uuag3Ccf3
02	05	2002	french fry - big dreams	uua10z8XM
02	06	2002	french fry - more dreams	uua8FGh8B
02	07	2002	french fry - new pants	uua6kjGQ1
02	08	2002	french fry - aid	uua64pqH8
02	11	2002	Color Monday!	uua5lfrQb
02	12	2002	Ordering pizza in English	uuaf8QxMb
02	13	2002	Pork Chops	uua798dsb
02	14	2002	Today was a re-run.	uua5PSRgr
02	15	2002	An ad	uuadks6xz
02	19	2002	Lie Bot: Civic Infrastructure	uua2TDgVj
02	20	2002	eBay shopper: Let's Slam!	uua2QMf0W
02	21	2002	Neatest person in Heaven	uuafFprcJ
02	22	2002	Who will yell at God	uuaKc7Pc4
02	25	2002	Lie Bot in the garage	uua1Zjqtw
02	26	2002	...Boned?	uuacqwZDw
02	27	2002	Pat is mad with Ray	uua3P54ZH
02	28	2002	Lyle is not impressed with Todd's saxophone music	uua6GX5Pw
03	01	2002	Tina's Birthday	uuacLgWcc
03	04	2002	Todd's theft from Ray	uuacQCqfM
03	05	2002	A glimpse inside Ray's Place	uua9pQfg6
03	06	2002	A fee!	uua5KQGg5
03	07	2002	Todd's theft / the baby clothes	uua6npfDJ
03	08	2002	Hell Yes I'm telling you about some Latin shit!	uuacXwjQ8
03	11	2002	Is it a lie? Or is it an ass?	uuafFssrS
03	12	2002	The Party: Day I	uuabhB9Mg
03	13	2002	The Party: Day II	uua2n9zl9
03	14	2002	The Party: Day III	uuadRlt9Z
03	15	2002	The Party: Day IV	uuaRPwmDV
03	18	2002	The Party: Day V	uuaccGbxc
03	19	2002	The Party: Day VI	uua4mDLg4
03	20	2002	The Party: Day VII	uua9pvmV7
03	21	2002	The Party: Day VIII	uuad5XPMV
03	22	2002	The Party: Day IX	uua2NT7T9
03	25	2002	The Party: Day X	uua1SDCBB
03	26	2002	The Party: Day XI	uuadrLc7N
03	27	2002	The Party: Day XII: Names	uua5gD0JT
03	28	2002	The Party: Day XIII: Dancing	uua7782zR
03	29	2002	The Party: Day XIV: Lie Bot's Friends	uua6v609v
04	01	2002	The Party: Day XV	uua3xfWfj
04	02	2002	The Party: Day XVI: Vlad	uua1xGH07
04	03	2002	The Party: Day XVII: Hope Springs Eternal	uua9tWn6t
04	04	2002	The Party: Day XVIII: Little Nephew	uuadDxRsG
04	05	2002	The Party: Day XIX: Chucklebot News	uuak9DqPX
04	08	2002	The Party: Day XX: man-to-man	uuaklQlkh
04	09	2002	The Party: Day XXI: Things are coming to a head	uua8hrlJg
04	10	2002	The Party: Day XXII: No is Philippe. Is Vlad.	uua2Kkx4T
04	11	2002	Until you are SO nude	uua5BfXWm
04	12	2002	The Party: Day XXIV: Blood Beagle	uua8zs776
04	15	2002	The Party: Day XXV: Todd is Faded	uuaf6pbDG
04	16	2002	The Party: Day XXVI: Closing up	uuabfxDqJ
04	17	2002	NO MORE PARTY NOW ONLY HANGOVER	uuadTNHfs
04	18	2002	Yelling at Ray	uua5Z9w0q
04	19	2002	Tapes from Philippe's Mom	uuac6S5pf
04	22	2002	Roast Beef's Birthday	uuadQg94v
04	23	2002	Kicking the Basketball	uuadlncDC
04	24	2002	Ray and the Motorcycle	uuaXkcMGG
04	25	2002	En Espanol	uua51j334
04	26	2002	Auf Deutsch	uuabJ20cm
04	29	2002	Todd's License Plate Frame	uua75VBLx
05	01	2002	Shove it!	uua5Swf09
05	02	2002	A Lie Bot strip	uua81xwGX
05	03	2002	Chatting with a friend	uua68FlCh
05	06	2002	Sports News	uua5sRcB1
05	07	2002	Breakfast in Bed	uuafk9mR1
05	08	2002	Computer Programming	uuag5lPmK
05	09	2002	The Startup Company: Day II	uua25VsBG
05	10	2002	The Startup Company: cold-calls	uuacgP4SS
05	13	2002	The GUI	uua9d6dM7
05	14	2002	Ray as the unwitting QA director	uuafD5cJ1
05	15	2002	Workplace tendencies	uuaTBz85G
05	16	2002	Porno	uuadr9CbD
05	17	2002	No Porno! Wait. Some Porno.	uua398RwN
05	20	2002	In Debt	uua87Qhrs
05	21	2002	Only one way out...	uuafz7JVt
05	22	2002	Who the hell is that	uuafQCjcL
05	23	2002	We'll answer that question tomorrow	uua2J2hm1
05	28	2002	Lyle's new video game	uua3gWmGt
05	29	2002	The Making Of	uua4xJPTb
05	30	2002	If I Owned a Bottle	uuacDZlpn
05	31	2002	Follow Me	uua6QN39P
06	03	2002	Your teeth seem sharp	uua49nmN7
06	04	2002	Pat's Hat	uua1wPrLX
06	05	2002	EVERYONE HAT	uua88Hl8K
06	06	2002	Bad Chimichangas	uua8Qxrn6
06	07	2002	Hat week draws to a close	uua5bRX7t
06	10	2002	Philippe's New Shoes	uuag7l9q9
06	11	2002	Roast Beef is Handsome	uua1bHrqd
06	12	2002	Many Opinions on Water	uua2wt8rK
06	13	2002	Geometry	uua5wS8fQ
06	14	2002	Birthday party for Onstad	uua1MfV3m
06	17	2002	Ray's Brew Pub	uuaknCNcV
06	20	2002	The Rocket Ship	uua4Zq4Wn
06	21	2002	Approaching Moon	uua4HGCPK
06	24	2002	Approaching Moon even closer	uuabx6Ncr
06	25	2002	Roast Beef on the Moon	uuagcfzQm
06	26	2002	Roast Beef Sometimes	uua4GwrhV
06	27	2002	Ray's Soliloquy	uua8fmmdd
06	28	2002	A simple question of rad	uua2211Cn
07	08	2002	Deep Space Transmission	uua8xZg1J
07	09	2002	Maybe this scheme?	uua14CQF0
07	10	2002	Sandwich Humour	uuadwpGHV
07	11	2002	I saw your junk and liked it	uua6hs6sw
07	12	2002	Re-install the app in Safe Mode	uua5z0nbS
07	15	2002	Book Week Begins!	uua4rWKNw
07	17	2002	Two strips today! Both with Vlad.	uua4zjGwV
07	18	2002	Variation on a special theme	uua6P7HVq
07	22	2002	Book Week Continues!	uuafKFtFn
07	23	2002	Now what's with all this Billy Idol	uuac4Pppc
07	24	2002	You can't just call it a bicycle	uua65z1np
07	26	2002	DID YOU THINK I'D STOP AT "RAD CHILIES?"	uua2GFl05
07	29	2002	Meeting Tina	uua7lfd05
08	01	2002	There Is Always Something There/It's My Mom	uua2b43F3
08	02	2002	Thick As A Brick	uua1csZ7j
08	05	2002	Cussing redux	uuab49FsD
08	06	2002	College #	uuadThCRn
08	07	2002	I actually got one of these between some pancakes once	uua4ckzpX
08	08	2002	Someone at the door II	uua8sr46g
08	09	2002	Letters from the Earth	uua7GFC3J
08	12	2002	The Self-Dramatic Otter	uua6W9ctk
08	13	2002	More Frenchin'	uua1qMs1m
08	14	2002	Philippe's Nightmare Night	uua1PbWsk
08	15	2002	Wakin' up with Chucklebot	uua5TJKdn
08	16	2002	cyber punk	uua2p4n9J
08	19	2002	I am wissin'	uuaf83X2l
08	20	2002	The "Walk the Walk, Talk the Talk" Guidebook Series	uuaRKk5lt
08	21	2002	Captain Beefheart Flashes Back	uua78FRnq
08	22	2002	Walk the Walk, Talk the Talk day II	uua24SHQ8
08	23	2002	Really stepping in shit with the Guidebook	uua55xZHh
09	09	2002	We lookin' at hella porno	uua7sTkzr
09	10	2002	The Materials We Discussed	uua1srlD4
09	11	2002	You just gonna lie to me	uuacVwg3J
09	12	2002	Cheers	uua3HgMq1
09	13	2002	Beef gets bent	uuaVlpMjW
09	16	2002	Gunshy	uua5WRCH6
09	17	2002	Out of the O.R.	uua53S4Wp
09	18	2002	Consoled by Philippe	uua9hPCRC
09	19	2002	Under Philippe's Wing	uuaS6kwsq
09	20	2002	ALL U WANT	uua8pjHs3
09	23	2002	Code Levels of Dating Beef	uua6SXh3F
09	25	2002	Heated Up Mary	uua8PgB8F
09	26	2002	Self-Tempering Fat	uua7Lwvfh
09	27	2002	Ray cuts own hand	uua2LSzsk
09	30	2002	Fonts	uua4ZQNH5
10	01	2002	The Ad Agency, Day 2	uua3pkM5R
10	02	2002	Flower Lesson	uua1PvPf3
10	03	2002	Aberlour	uua7JPgP1
10	04	2002	Pat Reynolds	uua9PG1Mg
10	07	2002	Philippe and the Flower	uuagdCM4x
10	08	2002	Bachelor Party	uua3w4nwb
10	09	2002	The Todd Account - a Setback	uua8NNT2w
10	10	2002	Philippe's Wedding Day	uuad2Dl37
10	11	2002	The Terrible Cycle	uua2vmrbv
10	14	2002	Cost cutting	uuaKKcc9t
10	15	2002	'Til death do us part	uua3v51wX
10	16	2002	Why Didn't You Come Into Work Today	uua579gwp
10	18	2002	Sangria	uuab5s3ZL
10	21	2002	Jeopardy!	uua1PcRLC
10	22	2002	Impulsive Shirt Orderer	uua1Bd269
10	23	2002	Chinese Water Torture	uuacj0Mrm
10	24	2002	Eye trick	uua9pnb6q
10	25	2002	Boston Market	uua4WHK01
10	28	2002	Package for Philippe!	uua7bl81f
10	29	2002	Cop Chat	uua7fJHz2
10	31	2002	ULTRA PEANUT	uuad9VShl
11	01	2002	what the HELL ultra peanut	uuafdbTmf
11	04	2002	Ray and the Piano	uuacB4NPH
11	05	2002	Piano Prodigy	uua5XF57G
11	06	2002	The Demo And The Damage Done	uuadpkGWT
11	07	2002	Record Contract	uuafCRpnS
11	08	2002	In Ray's Shadow	uua1Z04ZM
11	11	2002	With Ultra Peanut	uuag2F5R3
11	12	2002	Todd's Gift of Hi-Five	uua7bFG9L
11	14	2002	Ray's Music Video	uuadjJQsf
11	15	2002	Beef's Video Rewrite	uua4ZSX4X
11	18	2002	ASS IN YOUR PANTS	uua794qHH
11	19	2002	Skyrocketing up the charts	uuag81dq1
11	20	2002	The Sony AIBO	uua4hkLr2
11	21	2002	Going Multi-Platinum	uua83FwdT
11	22	2002	Party For Ray	uuacnNCSN
11	25	2002	'65 Ford Galaxie	uuacKcSkx
11	26	2002	HELLO AMERICA	uua43Dp72
11	27	2002	Stand on it Agnes	uua9swhfN
12	02	2002	Beef's Real Name	uua7TfDTB
12	04	2002	Click Robot	uuaRl8rcr
12	05	2002	You Make Me Do It In My Pants :(	uua9j4zh1
12	09	2002	The Peppermint Honcho	uuacfbjkr
12	10	2002	Coconut Rum	uua19dHl0
12	11	2002	McDonald's / Dancin' Santa	uua4jSNLk
12	13	2002	Camping	uua5gXvJL
12	16	2002	Haunches	uua24d8xM
12	17	2002	DISK ONE OF SIX	uuackBHv8
12	19	2002	Dirty Bills	uua8KqMwZ
12	20	2002	Showbiz	uuadVlZxx
12	23	2002	JOE STRUMMER HAS DIED	uuafp5mq0
12	24	2002	Christmas Eve with Ray	uua9v05pZ
12	30	2002	Catching Up With Showbiz	uua5XbKBb
12	31	2002	Madison	uua9DgSlX
01	02	2003	Subway	uua5nZ24W
01	03	2003	Wall Of Tough Guys	uua1Z7d5L
01	07	2003	A Dude's Stew	uua1TG98s
01	08	2003	Philippe is Fat	uuaclFdGq
01	09	2003	The Devil's Drink Book	uua7KcJ7M
01	10	2003	Hi Grandma!	uuacZ8rzS
01	13	2003	Fancy French Restaurant	uua62dtM9
01	14	2003	Rockford Fosgate	uua8Jnzp4
01	16	2003	Goodbye Showbiz	uuacQfvrd
01	17	2003	Jared Is Not Tough	uua6KWWFr
01	21	2003	How Else Can Jared Die	uua2Drkx9
01	22	2003	Slim Jim	uua72Cwpp
01	23	2003	Disguises	uua4mcwtG
01	27	2003	Notorious L.I.N.C.O.L.N.	uua30HTxr
01	28	2003	Motel Hangover	uuacb99lB
01	29	2003	Blue Nun Widemouths	uuab7m81b
01	30	2003	Turd Murder	uua2ct83P
01	31	2003	Hangover Therapy	uua2Xgk6m
02	04	2003	Asleep Style	uua8NKGxs
02	05	2003	Salad Dressing Chandelier	uua7ZKtTN
02	06	2003	Some Subway Would Punish	uuab23xx2
02	07	2003	Six Kinds of Nasty	uua503G8S
02	10	2003	Cookbook Preview	uua5rj1rj
02	11	2003	Arms and Backs	uuadPx3P1
02	13	2003	Pat's Message Board	uua1RtgFw
02	14	2003	Pat and Daedalus_X	uuadNJCtf
02	17	2003	Death Limo	uuafmwKhM
02	18	2003	T&eacute;odor's Boat	uuacctBXc
02	19	2003	Socks In The Bed	uuadH7sXQ
02	20	2003	Klansman Subway	uuad5MrrV
02	21	2003	Matchstick Doodie	uua3TC0Qz
02	24	2003	Death Boat	uua3JNKTf
02	25	2003	Ku Klux Messagebard	uua12BXzl
02	26	2003	Stolen Boat	uuadNtGM6
02	27	2003	Todd's Taxes	uuac1f8G3
03	03	2003	Howardt Stern Show	uua6JKlTl
03	04	2003	Pat's Anger	uuac6Jjwj
03	05	2003	Roast Beef in Heaven	uua6WfWBR
03	06	2003	Lung Brothers	uua2JmVXX
03	07	2003	Drunk in Heaven	uua2nQF3S
03	10	2003	Dance Java Dance	uua3ClBcp
03	11	2003	Will You Be My Girlfriend Molly	uuag8FLKV
03	12	2003	Dinner Date	uuaWvH6Bk
03	13	2003	Rooster Bake	uua9Bm169
03	14	2003	Roasted-up Ding Dong	uua1rwrbP
03	17	2003	The Jade Ding Dong	uua72vf2R
03	18	2003	The Six Hundred Dollar Man	uua492nRJ
03	19	2003	Roast Beef's First Kiss	uuab9k0Qq
03	20	2003	The Marlboro Stinger	uua2717Js
03	21	2003	Receipt From Heaven	uua5p1qBw
03	24	2003	Guest artist: James Kochalka	uuabhg7b4
03	25	2003	Guest artist: K. Thor Jensen	uua2B5Pk2
03	26	2003	Guest artist: Sam Henderson	uua7VBrVT
03	27	2003	Guest artist: Jeff Rowland	uua1qckZH
03	28	2003	Guest artist: John Allison	uuabLRD6q
03	31	2003	Guest artist: Drew Weing	uuammKLfl
04	01	2003	Guest Artist: drew	uua2fM9MX
04	02	2003	Guest Artist: Anonymous	uuacLg33T
04	03	2003	Nice Pete	uuaZr43xZ
04	04	2003	What are you in for Nice Pete	uua1pvCP2
04	07	2003	Nice Pete's Raisin Schnapps	uua5pwXSz
04	08	2003	Murder, Explained	uua9j49fl
04	09	2003	Killing is Like Basketball	uua6XZtv6
04	10	2003	Visitation Hours	uua6gmWrQ
04	14	2003	The First Piece of Porno	uuacr608g
04	15	2003	The Devils of Monte Carlo	uua2Jqb5Q
04	16	2003	Gilmore Girls	uua2cPFVp
04	17	2003	Nice Pete Figures Ray Out	uua7qtb7k
04	18	2003	Vlad Figures Pat Out	uuadd67PP
04	23	2003	The Mile High Club	uua5hdL6Z
04	24	2003	Mantonio	uua1g9kDk
04	25	2003	Wetting The Bed Forever	uua36M5hV
04	28	2003	Philippe's Prayers	uua1cwrmf
04	29	2003	Mehr Deutsch	uuak55Wvw
04	30	2003	Doin' the Robot	uua2HbqrD
05	02	2003	Fuck Algebra	uua8D62nM
05	05	2003	Baby Just Come Clean	uua24cDtf
05	06	2003	His Bozack is Flayed	uua3Ct511
05	07	2003	Rhymedown 2003	uua1VxdS0
05	08	2003	Ten Million Kids In Fedoras	uua514JXP
05	09	2003	Chompin' Mignon on Bellagio Lake	uua8q798z
05	12	2003	We TALKED about this!	uua6CkRBd
05	13	2003	Oregon Tail	uuaBBTGD7
05	14	2003	Hiram the Blacksmith	uua295J5Z
05	16	2003	Lyle and Hiram	uua8kNVK7
05	19	2003	Hiram's Codebase	uuadKqrrt
05	20	2003	Marmaduke	uuadKv5Hm
05	22	2003	Laying into Garfield	uua8nNh52
05	23	2003	Cathy	uua9KMWXW
05	26	2003	Scary Go Round guest strip	uuafJFX7C
05	27	2003	The Dachshund Whisperer	uua7ldnL4
05	28	2003	Suckin' Dick - rerun	uuadxnhfg
05	29	2003	Recipe of the Month Club	uua8V540N
05	30	2003	A re-run: Lie Bot's Ass	uua4Kk4MD
06	02	2003	Lie Bot: Saddest Thing: redux	uua9k2jPb
06	03	2003	Hyddyn Sceptyre	uua7C10Jk
06	04	2003	Wednesday Repeat: November 15, 2002	uuacgBVVK
06	05	2003	Mr. Bear's Blog	uua2PmJrR
06	06	2003	If It's Yellow Let it Mellow	uua9zdGJl
06	09	2003	Ray's Rolex	uua8blhSG
06	10	2003	Garrison Keillor / Tony Robbins	uuadptjNd
06	11	2003	Repeat of January 30, 2003	uuaN2GNpf
06	12	2003	A Frank Conversation on Pornography.	uua5ccNGk
06	13	2003	I take the birthday off.	uuadmLpcQ
06	16	2003	Beef Missed My Birthday	uua6nCtzM
06	17	2003	Beef's Green Card Wedding	uuadwk5P4
06	19	2003	Angry Little Plum	uuad6mpVw
06	20	2003	Nightlife Mingus	uua291klJ
06	23	2003	Golfing With Nightlife	uua1Kz92N
06	24	2003	Beef Smokes Weed	uua247DGJ
06	26	2003	Beef is high, steals golf cart	uua9PrSBk
06	27	2003	runaway golf cart	uua7RxhKr
06	30	2003	Molly McSweeney	uuafqP6nD
07	01	2003	Artificial Japanese Liver	uuafphc4v
07	03	2003	Long Condoms	uuafbjmXM
07	04	2003	European Vacation 1	uuad8NfWP
07	07	2003	Uses for a Large Condom	uua7TdHV8
07	08	2003	Martha Stewart's condom tips	uua9xTTZF
07	10	2003	Philippe / Mozart / Honey Peanuts	uua8BwkCT
07	11	2003	Teodor's New Dance Move	uua9dqnnX
07	14	2003	Lyle Wins Oasis	uua6XDm02
07	15	2003	Oasis Is Working In The Yard	uua8lg25Q
07	17	2003	Philippe at Berlin McDonald's	uuab9gDLk
07	18	2003	Oasis In The Shower	uua9fgD1P
07	21	2003	Ray Quits The Advice Biz	uuafnR71p
07	22	2003	Ray Rhymes About the Internet	uua9GbMlM
07	24	2003	Ray's Advice Column - LIVE!	uuag90b9b
07	28	2003	Straight Eye for the Beef Guy	uuadwtZkd
07	30	2003	Beef Tshirt Expose Etc	uua4hgDWf
08	01	2003	Hair In Ray's Nachos	uua1WZcfr
08	04	2003	beef makeover tshirt etc	uua7xvgZP
08	06	2003	Vlad and Roast Beef's Window	uua3BXk9j
08	11	2003	Beef's Microsoft Word Ad	uua4xPGCP
08	13	2003	Weezer / iMac	uua7R4CJ3
08	14	2003	Neapolitan Shooter Teaser	uua2D32Jr
08	15	2003	The Dick Molecule	uua9TK2Lz
08	18	2003	Beef's "Me" Day	uuaPJL0gl
08	20	2003	Ray's Time Machine.	uua3GV1G0
08	21	2003	Santa's Dad	uua8Kr3cZ
08	22	2003	Dressing Like Twain	uua1ScpVv
08	25	2003	Spring Loaded Wooden Dog	uua1t4zp0
08	26	2003	Cornelius Bear's Diary Entry	uua6ZvcTg
08	27	2003	The Trouble With Ray's Entertainment Center	uua7GWdgS
08	28	2003	The Dumbwaiter Redux	uua6w6lJ0
08	29	2003	The Unwilling Voyeur	uuafNMldv
09	02	2003	Beef the Cocaine Genius	uua6hlQG4
09	03	2003	The Taint is often called the Impossible Mile	uuac88m11
09	04	2003	Mark Twain and James Bond	uua4TQZ2C
09	09	2003	Your Porno Name	uua3fGzhz
09	10	2003	Ketel One, Eminem, Twain Invents the Internet	uua51vGhP
09	11	2003	Coming Home / Clues	uua1JDg8j
09	12	2003	Hot Lunches	uuacRplRC
09	15	2003	Carl: A Fallen Friend	uuaBcxxBM
09	16	2003	Anarchist's Cookbook	uuaStMZ2k
09	17	2003	Kmart, Lyle, and Viet Nam	uuac9Zw6T
09	18	2003	Don't Thank Me, Thank Anarchy	uuaf2t8Qk
09	19	2003	Electrocuting Pat's Dick	uua29GpxH
09	22	2003	Pat's Dick is Electrocuted	uua7nWd6s
09	23	2003	Pat's Answering Machine	uuapmpgnS
09	24	2003	Nice Pat	uua1WVvt6
09	25	2003	Hollandaise the Bunny	uuaLHfdG6
09	26	2003	Pat Guthrie	uuadqNttk
09	29	2003	Pat's Stadium Event / The Sexual Homeboys	uua58XLX8
09	30	2003	Calling D'Shawn	uuadTpthr
10	01	2003	Second Anniversary	uua5TS9l1
10	02	2003	Vegetable Brain the Comedian	uuafk87ns
10	03	2003	Joy Buzzer	uuaQFFVNz
10	06	2003	Day Tripper Intro	uua61HtPP
10	07	2003	Animalicious	uua9RS9kg
10	08	2003	Animalicious on Acid	uua6k0gWF
10	09	2003	Pat's Back	uuaS97xmp
10	10	2003	Lore Day One	uua3G0TG5
10	13	2003	Beef's Dream of Corpulence	uua7fLcJV
10	14	2003	Little Nephew's Hip-Hop Pants	uua42f2L1
10	15	2003	Laszlo's Open Mic / Roast Beef	uua4MZ0jv
10	16	2003	Beef's Internet is Down	uuafMNmbC
10	17	2003	Chicken Allergy / Bubble Boy	uuafnX6RC
10	20	2003	The puberty machine has soft rubber heads	uua75HsnF
10	21	2003	The Eye Beneath the Nacho	uuacgJV5N
10	22	2003	Nice Pete's PowerPoint Presentation	uuafxZwNQ
10	23	2003	Human Foot in a Salad (w/Champion Short Sock)	uua2QSWlw
10	24	2003	Nice Pete's Joke	uua16Rdvt
10	27	2003	Mom-mom had a big old weepin' eye that never closed	uua1HXkth
10	28	2003	Japanese Interests	uua5wDDSK
10	29	2003	T&eacute;odor's father	uua1lvPnn
10	30	2003	Oh No I Grew Pubics	uuadWdbf7
10	31	2003	Philippe Bumble-Bee Boo	uua4R5ZBm
11	03	2003	Super-Secret Ice Cream Parlor	uuafrGtQK
11	04	2003	Mini Cooper / Laphroaig	uuadRP5Rb
11	05	2003	Arthur from Support Group	uua7ct39q
11	06	2003	On the way to the Secret Ice Cream Parlor	uuafrhwkN
11	07	2003	Drip Drop Drip Drop	uua5WBDBg
11	10	2003	Threadville	uua2540Kq
11	11	2003	Nice Pete's Lullaby	uua5bXm7D
11	12	2003	Inside the Super-Secret Ice Cream Shop	uuabmzCHQ
11	13	2003	Gelati	uua34zz8N
11	14	2003	Escape from the ice cream shop	uua6wSqMZ
11	17	2003	Philippe's Escape	uua49Mhfn
11	18	2003	Omega Tetris	uuad4vcfD
11	21	2003	Deer in the Headlights	uua66315S
11	24	2003	BLAM	uua4zlJCB
11	25	2003	Tori Amos	uua8fvJRZ
12	01	2003	Hell's Car: Subaru Brat	uua4gHd9n
12	02	2003	The Lonesomest Car in Hell	uua7xlqCM
12	03	2003	Robert Johnson at the Best Western in Hell	uua1d26PQ
12	04	2003	Brookside Lounge, Best Western, Hell	uua1m3mPS
12	05	2003	Robert Johnson Ocular Shenanigans	uuab768gv
12	08	2003	Drunk As a Lord in Hell	uua5m7q9z
12	09	2003	Talking Wallpaper	uuafrt18J
12	10	2003	Butterball Hotline	uuab6Thjp
12	11	2003	Butterball Hell Line	uuacGB3h7
12	12	2003	Beef and the Hell Phone	uua45jQzt
12	15	2003	Philippe Buys Piano Music!	uua6r0ncp
12	16	2003	Beef Finds Ray in Hell	uua7F9ghR
12	17	2003	There is Balm in Gilead	uua8K33nK
12	18	2003	Shut the hell up *dick*	uua6CX6p3
12	19	2003	Denise Are You Crappin'	uua1Khpq1
12	22	2003	Meeting Todd in Hell	uua4NTc40
12	23	2003	Friendly's Hell Riddle	uua1v1z3r
12	24	2003	Christmas Eve with Ray redux	uua67tMD1
12	25	2003	guest strip: John Allison / scarygoround.com	uuac7nRp4
12	26	2003	Guest Strip by Andrice Arp / www.hi-horse.com	uua3f8XXN
12	29	2003	Guest Strip by Jesse Reklaw	uua4667Kx
12	30	2003	Guest Strip by Jeff Rowland / Wigu.com	uua7twB0K
12	31	2003	Guest Strip by K. Thor Jensen	uuadJKPv4
01	01	2004	Guest Strip: Jeff Roysdon	uua8VPh0x
01	02	2004	Guest strip by Drew Weing	uuac8LhKT
01	05	2004	Keep on Rockin' Roast Beef	uua3tbzpH
01	06	2004	Three Riddles Home From Hell	uua4L98wb
01	07	2004	Philippe and the Crab's Soul	uuaS0rKbM
01	08	2004	Personals Peepee	uuadkVCZm
01	09	2004	Ray's Personal Ad / Low Shenanigan	uua4X2ZnQ
01	12	2004	The Roomba Robot Vacuum	uua5CGmj6
01	13	2004	The Yahoo Ham Hack	uua4t5Tf9
01	14	2004	Honking Bus, Rusty Bikes	uua8dZ9WF
01	15	2004	The Pepperidge Farm Man	uua2Wbgp0
01	16	2004	Roast Beef Self-Origami	uuafrSksL
01	19	2004	Two Roombas / Star Wars	uuaf2Vw9B
01	20	2004	Roomba Cinema	uuacnCFDF
01	21	2004	Barry Bass and His Marriage	uua8XGDWM
01	22	2004	Barry's a Complainer	uua9xf7fK
01	23	2004	Barry Bass at Beef's House	uuagdzM3j
01	26	2004	Like it or not, you like it	uuadSRFjr
01	27	2004	Kissin' Molly Ringwald on the Titties	uua2f1Vc2
01	28	2004	Neiman Marcus	uua4Xss0G
01	29	2004	Philippe 4 Prez	uuafVMRqq
01	30	2004	Mr. Poopytime	uuafHNWwQ
02	02	2004	Philippe, The Candidate, is Five	uua4NXzgv
02	03	2004	Ray's Old Videos	uua9f7xW4
02	04	2004	TIM SIMMONS	uua6H36Zc
02	05	2004	Todd's KISS Tattoo	uuad2pHpg
02	06	2004	Bitches Gotta Take They Cunt Pills	uuabdhQlk
02	09	2004	Rerun: January 27, 2003	uuacpFmF2
02	10	2004	Todd's Unfortunate Background	uuaStnH8Z
02	11	2004	The Finding Nemo Party	uua8VHS7Q
02	12	2004	A Phone Call to Drabble	uua3HTSpf
02	13	2004	Ray's Guitar Hobby	uuacHplLN
02	17	2004	John J. Rambo	uuaf2tzGx
02	18	2004	Beef Gets a Shirt from Molly	uua7MrT6t
02	19	2004	Sex Limo/Spongebob	uuac7z3pm
02	23	2004	Ray's Hemorrhoid	uuaFsQhW3
02	24	2004	Raymo Smookels	uuad7pcQZ
02	25	2004	Vlad's Problem With Andy	uua35k8rC
02	27	2004	Homosexuals The Gorilla	uua1LpgLT
03	01	2004	Storyline Revisited: November 4, 2002	uua1BhgZc
03	02	2004	Piano Prodigy	uua56sz1C
03	03	2004	Lazarus the Business Loafer	uua3LqB4L
03	04	2004	Lazarus the Business Shoe	uua8PN73j
03	05	2004	Renal Failure	uua3b0JjS
03	08	2004	Pussy Booger	uua8CHL0W
03	09	2004	Timmy the Stem Cell	uua17ffXP
03	10	2004	Only liberals like The Cure	uuacC6H2V
03	11	2004	Leopold, Brother of Lazarus, Son of Lucien	uua42jpD8
03	12	2004	Leopold's Story	uua47R7zD
03	15	2004	Leopold and Lazarus Mad Shoe Confrontation	uua2n8dRQ
03	16	2004	Ray is a Blubbering Animal	uua26vKW3
03	17	2004	Frankenstein	uua7Q66XX
03	18	2004	Euro Trip 2	uuag740b8
03	19	2004	Bruichladdich Tasting	uuaX9Vvcr
03	22	2004	Currywurst	uua1ZL0mf
03	23	2004	Berlin Sex Museum	uuaVsgs6z
03	24	2004	Philippe Imagines Himself Into Death	uua8kcvL2
03	25	2004	Doin' Berlin Ray-Style	uuacv2mDs
03	26	2004	Homeless and Penniless in Berlin	uuacN2PJD
03	28	2004	Ray's Newspaper Suit	uua7zpGHB
03	30	2004	Ray's Perpetual Motion Device	uuaK9nhmR
03	31	2004	The Lambda Manifesto	uua8fj6rT
04	01	2004	John and Deanster	uuacQ33mc
04	05	2004	Philippe in Edinburgh	uua28Qcl2
04	06	2004	Philippe and the Hibbies	uua711kw0
04	07	2004	Philippe in York	uua3gKl9s
04	08	2004	Philippe: London day One	uua98schM
04	12	2004	Rerun of Feb 27, 2003	uua4Qn2J5
04	13	2004	Reprint of January 7, 2003	uua5ns6Xd
04	14	2004	Marijuana Phone Booth	uuac6MK8K
04	15	2004	Losing it in A-minor	uua2rV95J
04	19	2004	Ray Smells Like Farted-In Vinegar	uua7d6cxg
04	20	2004	The Hangover Ham	uua5dLV8Q
04	21	2004	Whale Music	uua7jsdFm
04	22	2004	Dunk Oil	uua9mL5rM
04	23	2004	Leaving Germany	uuabW8xSJ
04	26	2004	Mr. Bear - Harlequin Romance Novelist	uua5lNjKs
04	27	2004	Ray's Romance Novel by Rick Dorado	uua5pJ1ZN
04	28	2004	Todd's Romantic Audio-Book	uuag04qkk
04	29	2004	Spy-Ware	uuakrqzM2
04	30	2004	Baba O'Riley	uuac1H3jf
05	03	2004	The Isosceles Lock	uua22Ll6M
05	04	2004	Gusano Rojo	uuahsNQfB
05	05	2004	The Adult Film Industry	uua6P4n71
05	06	2004	Tuck Me In Jack Daniels	uua5mrBHC
05	07	2004	Peter and the Wolf	uua3PGWnf
05	10	2004	Chris Isaak Appreciation Club	uua1NjtT3
05	11	2004	Ray Quits Smoking	uua5t8FM3
05	12	2004	Lyle Builds Philippe's Dream Car	uuacpDCmJ
05	13	2004	Onstad's First Foray Into Comics	uua1MvlSq
05	14	2004	Return of Chucklebot	uuaf3h4Rf
05	17	2004	Roomba Cinema: Wrath of Khan	uua9pDmzH
05	18	2004	Microsoft Word	uua6lX1w6
05	19	2004	Pinewood Derby	uua7pZ73r
05	20	2004	Yo Mama's So Fat	uua5LtGj2
05	21	2004	Friends Season Finale	uua64WHZP
05	24	2004	Computer Science/Dennis Quaid	uuadQ6X4F
05	25	2004	Dennis Quaid Memorabilia	uuactjxHM
05	26	2004	Uncle Culpepper Comes to Visit	uuac0Zk7L
05	27	2004	Pregnant F/X	uuag5lcR5
05	28	2004	Little Nephew and the Hand of Dixie	uua5xRqC4
06	01	2004	Culpepper meets Tina	uuabTdq3L
06	02	2004	Emeril and Spongebath	uuamH62zX
06	03	2004	Chickenheads Eating Domino's Crazy Stix	uua9jjHd2
06	04	2004	Shootout in the ER	uua9NZzf2
06	07	2004	An Uncanny Burlesque	uua9qZLhx
06	08	2004	It is so fun to be with the dudes.	uua8cbRMT
06	09	2004	Success!	uua5RRTN8
06	10	2004	Goodbye Culpepper	uua3jG9fv
06	11	2004	Steely Dan	uua1fPSXk
06	14	2004	Molly?	uua9JR1j3
06	15	2004	Heaven/Earth Reciprocal	uuag6PdbW
06	16	2004	Philippe's Campaign Platforms	uua8q7vK0
06	17	2004	The President of Mexico	uua5tFN32
06	18	2004	The Murder Commission	uua29TbTh
06	21	2004	Roast Beef the Funk Fairy	uuadzZ6cV
06	22	2004	Ray's Yttrium Pool Table	uua71KbHP
06	23	2004	Pat's abs	uua6ZSk3L
06	24	2004	Pimm's/A system of Glenfidditch	uua2npn3D
06	28	2004	Little Nephew and the Goths	uua6B3DGn
06	29	2004	IN THE FLAT FIEEEEEEEEEELD	uua5FdnB8
06	30	2004	Ray is a Goth Bootsy Collins	uua21MCXR
07	01	2004	Philippe and the Pope	uua9hWRNg
07	02	2004	9 New Blogs	uuacmG56z
07	06	2004	The Godfather of Souls	uua47R6wN
07	07	2004	Nice Pete To the Rescue	uua7RcdBL
07	08	2004	The Death Sound	uuaf3lHFg
07	09	2004	The MoviePhone Defense	uuamw8Rct
07	12	2004	The Hummer and the Damage Done	uuad8ZpJw
07	13	2004	The Mountain and the Motorcycle	uua343XZ2
07	14	2004	The MILF-man	uua8R1gqS
07	15	2004	Roast Beef Shoe Shopping	uua13gDwm
07	19	2004	The 18th Amendment	uua2wVxL6
07	20	2004	SaniTaco	uua8X7WgB
07	21	2004	SaniTaco Single Serving Prep Counter	uua6HSFN3
07	22	2004	C.O.P.S. Achewood	uua6lR1ZB
07	23	2004	SaniTaco and Nugget magazine	uua3q2HTs
07	26	2004	Nugget Reader Response	uua1Q6dnq
07	27	2004	Mr Bear is humming hell of ditties	uuabr8Kl9
07	28	2004	Molly and Beef Talk Like Dogs	uua2KwGxm
07	29	2004	Ray Gets a Butler	uuacZx9Z1
07	30	2004	Waterbury The Butler	uua7mbS07
08	02	2004	The Somn-onanist	uua1vbXDS
08	03	2004	Tommy The Tummy	uua3wHtcp
08	04	2004	Born In The USA	uuacH4CpN
08	05	2004	Special Agent M-9	uua1JZ3sn
08	09	2004	Roast Beef and the Community College	uuafXsQSc
08	10	2004	Steak/On	uua5mKFft
08	11	2004	Achewood Community College - Electives!	uuabcLmnd
08	12	2004	Mickey Mouse Pancake	uua5FPg0v
08	16	2004	Roomba: Abraham Lincoln	uua2hxnVH
08	17	2004	Roomba Cinema and the Invention of Photoshop	uua63rDTL
08	18	2004	Reissue of October 14, 2003: Kids Wear Pants Too Low.	uua3kBTXK
08	19	2004	Reissue of April 14, 2003: First Piece of Porno	uuadvkwKl
08	20	2004	It's a...Judas Priest Friday	uuacJXwnr
08	23	2004	Theatre of Thoughts	uua7HPQLT
08	24	2004	Philippe Solves Homelessness	uuab2dxqJ
08	25	2004	Beef and Molly, place of their own	uua3xbW8V
08	27	2004	Beer Can Chicken Recipe	uuacShP3h
08	30	2004	Philippe the Talking Toilet	uuadVvVM7
08	31	2004	Bensington Butters	uua8hfKHF
09	01	2004	Roast Beef's Snoring Problem	uuadz1k9f
09	02	2004	Roast Beef's Atom Bomb Dream	uua5GmKCm
09	03	2004	Baby Bling	uua6bDcKw
09	07	2004	Callipygian Women	uua9l3HbK
09	08	2004	Tubby Tabby Terrorizes Throne	uuafQZQbR
09	09	2004	Valu-Douche	uua7dtlP1
09	10	2004	Ray and Beef Chat	uuafCXG6v
09	13	2004	Johnny Cash Dead One Year	uua6KmQCt
09	15	2004	Cilantro-ape Ceviche	uua9MBFb0
09	16	2004	Ottawa Modified Death Company	uua6nNgSb
09	27	2004	Todd's call from prison	uua3xdHr4
09	28	2004	Nice Pete at Support Group	uua1tZNWp
09	29	2004	Teodor's Vanity Albums	uuadVwXKF
09	30	2004	Wiener Babies at Applebees	uuafRT8tm
10	01	2004	Third Anniversary Strip	uuaf9HmBD
10	04	2004	Roast Beef's Medical Experiments	uua7XRrdQ
10	05	2004	Roast Beef Did Not Sleep Well	uuab5xQHZ
10	06	2004	Vice Presidents Are Go!	uua3D3Jt5
10	07	2004	The Philippe Times	uuag6r0qP
10	08	2004	Emeril and Spongebath at The Smoke	uua3gGKD6
10	11	2004	Dewey Defeats Truman Dunnage	uuacLBTDc
10	12	2004	The Tenmen	uua6j8RQf
10	13	2004	Taco Bell Police Scanner	uua3jbql7
10	14	2004	Magical Sex Blokes	uua31L8vP
10	15	2004	Ray's Damon/Affleck art installation	uua4JM3bZ
10	19	2004	Cookbooks by Celebrity Wives	uua9nwXmL
10	20	2004	Beef/Molly cold feet	uua30BXw9
10	21	2004	The Playboy Advisor	uuadH9JNG
10	22	2004	Nervous-Puke	uua9m85G1
10	25	2004	Countries That Sound Like Porn Stars	uua3kgBX4
10	26	2004	Pat and the Playboy Advisor	uua9jsd22
10	27	2004	Rouged Plastic Asshole	uuabBxZFs
10	28	2004	Chewbacca Getting Ready for Prom	uuaf8MttV
10	29	2004	Molly's New Roommate	uua2ndp06
11	01	2004	Ray's Fedora/Adult Diaper Rash	uuacDM8Wh
11	02	2004	Roast Beef Lies About Eating Bran	uua48ZXJX
11	04	2004	Mickey Mouse's Suicide	uuafB08d3
11	05	2004	Bowling Alley Funeral	uua8Lprhz
11	08	2004	Great Expectations AIBO	uuacR6ZSd
11	09	2004	Beef and Weldon Aibo	uuacMQ12x
11	10	2004	Coprophiliac Turkey	uuac3MzqD
11	11	2004	SmileCash!	uua93hpR2
11	12	2004	Fluff my hog	uuacttvLW
11	15	2004	Pat wants Ray's gun	uua3JQHK5
11	16	2004	Scan of first character study page	uuabJ9q1m
11	17	2004	I am the LAW and I am the LASH	uuanB3CNN
11	18	2004	Moving in with Ray	uua5XLfFW
11	19	2004	Samuel H. Invisible	uua5Z520F
11	22	2004	Cornelius Is Grappa-Shot	uua65z5wd
11	23	2004	Twenty Thousand Seconds Dead	uua8QCVq3
11	24	2004	Mr. Bear's Waiting Room	uuafRX7zM
11	26	2004	Piss Shiver	uuac3Q9Rw
11	29	2004	Llewellyn Ash, baby	uua2vNDg5
11	30	2004	Burritos/Oral Sex	uuabBCh8j
12	02	2004	Pat is quick to generalize	uua13rTGt
12	03	2004	Pat is on the radio again!	uuadBJJ7l
12	06	2004	Beef is not Lenny Kravitz	uuabdKtWl
12	07	2004	Apologies to Pat	uuafBtSqR
12	09	2004	Roast Beef's 'Zine	uua9WdxZQ
12	10	2004	Beatles Rat	uua4Nx71H
12	13	2004	Grocery Shopping With Ray	uua1rLWtm
12	15	2004	Mr. Bear's gig writing closed captioning	uua23QsqT
12	16	2004	Parade of Mechanical Sex	uuab4w7vP
12	20	2004	Primal Manes/Gazelle Kebabs	uuadlBKqs
12	21	2004	More Mane Men	uuacKkKBv
12	22	2004	Judi Dench's Three Pound Underwear	uuad9KWN8
12	23	2004	No Mane For Cornelius	uuagbx5Zq
12	24	2004	Sullivan's Bear and Dried Bird	uua5vXcbN
12	27	2004	Charlie Brown, you died	uuag1jJLl
12	29	2004	Philippe shaves his head	uua1S8wQ8
12	31	2004	Trashspotting	uua1ZNlNS
01	03	2005	Map of Achewood Overground	uuaf8MBfz
01	04	2005	Police Blotter, 9/8/1932	uua9Lqb8s
01	05	2005	Loretta Lynn and Patsy Cline	uua6cQhnc
01	07	2005	Fuck You	uua2M3RHf
01	10	2005	It's a Go (To)fuck Yourself Monday	uuadZr3k2
01	11	2005	Two Thousand Flushes	uua2nQNH0
01	12	2005	Todd has become fat!	uuacGHhCw
01	13	2005	Todd Shanks Pat	uuac9K1gW
01	14	2005	Shank Appreciation	uuadvrq0z
01	17	2005	Web Comics ruin the party	uua7QTKL4
01	18	2005	Party II: The Quickening	uua35NHQW
01	20	2005	Vlad's Latest Subway Venture	uuaddM5Pt
01	21	2005	Beef as Lloyd Dobler	uuafZlJ8v
01	24	2005	Heartbeatzz / The Shitandle	uua6TvfRd
01	25	2005	Nice Pete's bible fan fiction	uua1HkGrn
01	26	2005	Tummy Meth	uua2jSrf3
01	27	2005	Ray gets sort of stoned	uuaJL9K51
01	28	2005	Ray is high under the table	uua8S14zJ
02	01	2005	The cat is so high he sells his lawnmower on eBay.	uuafDBR8d
02	02	2005	Click Robot - Screw You, Man	uua7NXtCx
02	03	2005	Click Robot adjustments	uua2XJp80
02	04	2005	Scenes from a party	uuafsVqbS
02	07	2005	Little Nephew and Teodor Discuss Spaghetti	uua59pdcH
02	09	2005	The Great Wayans Brother Cookbook Issue	uua6S5zRW
02	10	2005	Tha Snazzle / Burger King Chat Room	uuav9c12r
02	11	2005	Urinating	uua452lmD
02	14	2005	Ray's horribly delivered joke about priests and mailmen	uuabhwSBj
02	16	2005	Ray's Joke about the Gay Taliban Lawyer	uua6r42QN
02	17	2005	Bloody Mary Bong	uua6DGr0T
02	18	2005	Vaginal Intercourse!	uua66B66G
02	21	2005	Contest to Hate Paris Hilton The Most	uua9RJhr2
02	22	2005	Ray Plays the Worst Strip Poker	uuacXQr5C
02	23	2005	How things are with Beef and Molly	uua9jL5kw
02	24	2005	Someone Pressed on Roast Beef's Head!	uua8ZPGV9
02	28	2005	Friendship Lane	uua92jdF8
03	01	2005	Ray Sets Off The Clapper	uua3k4rF3
03	02	2005	The Sewage of Sodom	uuag60vbK
03	03	2005	Satan Will Smite You...Where it Counts	uuaLvg0QM
03	04	2005	Pat, Banjo, Roast Beef, Quick-Onset Diabetes	uuazD93H9
03	07	2005	The Conniptions	uuadxVNmQ
03	08	2005	Pat and the Banjo	uua4sfFQn
03	09	2005	Moby's Tomatohol Car	uua4HPdWQ
03	10	2005	Pat's Heart of Darkness - Outer Ring	uua72Ng3s
03	11	2005	Let's Say Good Stuff About Ray's Dick	uua5Wn0g1
03	14	2005	Paternity Leave, Day One	uua5Lk72Z
03	15	2005	Paternity Leave, Day Two	uua7fQcmq
03	16	2005	Paternity Leave, Day Three	uua6xlMx7
03	17	2005	Paternity Leave, Day Four	uua9rPj3Z
03	18	2005	Paternity Leave, Day Five	uua60RwLP
03	22	2005	The New Baby	uua4kMhjv
03	24	2005	Philippe's New Walk-Around Butt	uuav7hh39
03	25	2005	Ray and the Catholic Recipes	uua6F0Xnv
03	29	2005	Lyle and Ray's Perfect Jays	uua4VjkMF
03	31	2005	Mexican Yeyo Boys	uuadtvrpw
04	01	2005	Map of Achewood Underground, panel 1 of 2	uua1wc9Hv
04	04	2005	A Call From Japan Man	uua7N9Hgp
04	05	2005	Map of Achewood Underground, panel 2 of 2	uua93zNb8
04	06	2005	Philippe Babysits	uuaf5LHdh
04	11	2005	Bead Shop	uua9Fxqjr
04	12	2005	Cancelling the joint company	uua7z81sv
04	14	2005	Japan Man: Some Background.	uua8p2LZw
04	15	2005	Paris Hilton's PR agency	uuabBBrX3
04	18	2005	Lyle Shoots Ray's Car	uua7VVjKk
04	19	2005	Humorous Baby Onesies	uua5G262l
04	21	2005	Roast Beef's Birthday 2005	uuabZG3mz
04	22	2005	Kut-Me Ups	uua9vHG66
04	25	2005	Lyle's Trannie Sex Gig	uuabCHzX8
04	26	2005	How To Order Wine	uua6JSRNm
04	27	2005	What Philippe Dreams About / Cake	uua7Jst9T
04	28	2005	T&eacute;odor dies.	uuafMScgX
04	29	2005	DEAD MEN GO COMMANDO	uuas9xbSx
05	02	2005	Lyle's Longshoreman's Heimlich on T&eacute;odor	uua2XH6hK
05	04	2005	Ray Channels Einstein	uua56jgTK
05	05	2005	Ray as Einstein	uua8mc5xT
05	09	2005	Ray, Einstein and Hiroshima	uua38S83k
05	10	2005	1978 Volvo 244 GLE...OF DESPAIR	uua33HBxz
05	12	2005	Harlequin Romance To-Do List	uuabnV1xp
05	13	2005	Philippe Times Friday Facts	uuadDkwR7
05	16	2005	Volvo of Despair part Two	uua53XzZ3
05	17	2005	Volvo of Despair / Cornelius	uua1qjJRt
05	19	2005	Lesser works of Christo	uua4T9jPl
05	20	2005	T&eacute;odor's Rock'n'Roll Shit Fugue	uua30Z6f4
05	23	2005	Beef Steals Volvo of Despair	uua5SpRx1
05	24	2005	Busking Skeletons	uua6rD5Cx
05	25	2005	Ben Stiller's concept about Emily Dickinson	uuadFRpwT
05	31	2005	Roast Beef Has Nothing To Lose.	uua49jQw7
06	01	2005	King Chochacho	uua1vfcQm
06	03	2005	Beef Dons the Chochacho Medallion	uua7dwMQm
06	06	2005	Volvo Closure	uuabplKgs
06	07	2005	Circus Penis	uuafR7Px3
06	09	2005	Circus Penis / Seven Dollars	uuag3VcH9
06	13	2005	Téodor the SoftBoy	uuacXMJ0w
06	14	2005	Onstad has a birthday	uua5tlx54
06	15	2005	Rod Huggins	uuacLfLHM
06	17	2005	Rod Huggins II	uua1nzcfq
06	20	2005	Maximum Cuddles with Rod Huggins	uua901q6F
06	21	2005	Roast Beef's parking ticket	uuag7c3fk
06	22	2005	Porno Graduation Day	uua2P1Xqm
06	23	2005	The Break-Dance Move that Lie Bot Taught Philippe	uuaf38Bs8
06	24	2005	More Friday Fun Facts!	uua8F2rgV
06	27	2005	Bowling With Philippe	uuacLTsDS
06	29	2005	Ray's Trans Am PDA	uua6phg24
06	30	2005	Roast Beef's Mom Shoots His Dad	uuaZHsHJc
07	01	2005	Roast Beef Riverspotting	uuabRq1Sx
07	04	2005	Trivial Pursuit - Achewood Edition	uua4b9l60
07	05	2005	Philippe and the Skeleton	uuafX0hlT
07	06	2005	The Ray Card	uua90dlN7
07	07	2005	Bible Advertising	uuaMFLTnB
07	08	2005	Support Group...Did Pat Cry?	uuadb8N8R
07	11	2005	Jack White	uuadCrHCJ
07	12	2005	The Toyota Tailgate Phenomenon	uuadPJ5rj
07	13	2005	The most important email in the world	uuabCxtN6
07	15	2005	Roomba Cinema: Star Wars	uua9P2ZLg
07	18	2005	Roast Beef's I Got Problems website	uua6kbfFG
07	19	2005	Pat: Trials of Honour	uua1bcnrq
07	21	2005	Philippe and the Hole to China	uua63826V
07	22	2005	Little League Drinks	uua99SMWX
07	25	2005	Philippe's Car: Calvin Peeing in the Toilet	uua1pDMQr
07	26	2005	Beef gets caught looking at tits	uua8qT8mm
07	27	2005	Necklace or Cleavage?	uuaf9Q9vq
07	29	2005	Circus Penis Has Left the Building	uuaSCf6Hf
08	01	2005	Nice Pete finishes his book	uualwHDvC
08	03	2005	Ray's Toy Truck	uua4hRHnK
08	04	2005	Ray steps in dog shit	uua984CFP
08	05	2005	August's Friday Fun Facts	uuacsR06x
08	08	2005	Lyle's Harry Potter Fan Fiction	uuaZKjR3v
08	09	2005	Ray Insulted Russell Simmons?	uuaf5hpJb
08	11	2005	Todd wants to yell BALLS extremely loud	uuabPF5hj
08	12	2005	Simon Calls! (Pat's Father)	uua3BCQBZ
08	15	2005	Discount Rehab at the Dementia Arms	uua3N8HR9
08	16	2005	Get Your Leech On	uua1z8K6d
08	18	2005	p o u l t r y ;	uua3DPzMg
08	19	2005	Friday Facts from Around the World	uuafjZPsp
08	22	2005	Philippe's Birthday	uuabJk5mW
08	23	2005	Roast Beef bangs a website	uuadKR6Mq
08	24	2005	Nice Pete and the Garage Chicken	uua9Rjq32
08	25	2005	HYPER-SPAM IN E-MAIL DIMENSION 9	uua8zvSH7
08	26	2005	Ray's Nipple Rings	uua8X06wz
08	30	2005	Roast Beef and the Hull	uua7c08zt
08	31	2005	Pat's New Bumper Sticker	uua2B61tc
09	01	2005	Roast Beef's Harry Potter Fan Fiction	uua6v680v
09	02	2005	Handicap Access	uuacNb9Rf
09	06	2005	Home Depot Sauces	uua9Kc9tc
09	07	2005	The Bloatee	uuaShrtVS
09	09	2005	Pat's Aquarium	uuaVlftTd
09	12	2005	George Clooney is Learning Coptic	uua9Rq7vJ
09	13	2005	Cartilage Head	uuacKS9Sp
09	14	2005	Dinner With Cartilage Head	uua1fKJpl
09	16	2005	Cartilage Head Offers Wine	uua6zz8Q4
09	19	2005	Cartilage Head and the Whispering Saw	uua4fJqmn
09	20	2005	Cartilage Head: Grand Finale.	uua9vqRzg
09	21	2005	921 Elden	uua3WZxbx
09	22	2005	Proved Myself a Coward.	uuafR0whS
09	26	2005	Lyle Lovett/Kraftwerk rating	uuag9jsXk
09	27	2005	Roast Beef's Science Show on Cable TV	uua1FrSGW
09	28	2005	Jaime the Science Friend - taping	uua4XPDvb
09	29	2005	Jaime Backlash	uuagdPb3F
10	03	2005	Jaime's invitation from the KKK	uua7TZl1X
10	04	2005	Hi-larious racialist hayoomah!	uuabRWZh3
10	05	2005	Ray's apology about the KKK thing	uua9xCLZm
10	06	2005	Milklin the Jehovah's Witness	uuad8318L
10	07	2005	Philippe Times - October	uua9nJ1b6
10	10	2005	Milklin's other jobs	uua2nhZ5G
10	11	2005	Ray gives Milklin The Hose	uuac5fMkb
10	12	2005	Roast Beef Tries to Help Milklin	uua6nL443
10	13	2005	Milklin's ad in Reminisce Magazine	uua97LjST
10	14	2005	Ray Holds Own Heart	uua97bPTQ
10	17	2005	Ray and MENSA	uua9shx9B
10	19	2005	King Piss!	uua2lDKh0
10	20	2005	Ray's Harlequin Costume	uua5jrcht
10	21	2005	Whiskey a la Mood	uuab6kWPW
10	24	2005	Lassie.com	uua92xtSm
10	25	2005	Cornelius Bear's Lemony Snicket gig	uua6nF1sm
10	26	2005	Pat and the KPMA Gripe of the Day 2005	uua2pjD9l
10	27	2005	Guinness book of world records	uuabKLRfC
10	28	2005	Jeepers Creepers	uua7K3P9H
11	01	2005	Ray's Halloween Costume	uua5ncDz7
11	02	2005	Ray's Comic Strip	uuac8fZb4
11	03	2005	Charley Smuckles Suicide Watch '05	uua8MQt2n
11	04	2005	Ray Discovers Little Nephew	uua9T7XCw
11	07	2005	Teodor's Parkour Interlude	uua76dRj4
11	08	2005	Ray sees Téodor as intellectual	uua1j8D3q
11	09	2005	Return of Showbiz	uua7J6QNj
11	10	2005	Showbiz digs in	uuafbbjpq
11	14	2005	Showbiz has the skitters	uuad5j585
11	15	2005	Rockford Fosgate II	uuadSd4w5
11	16	2005	Showbiz and the Notice of Collections II	uua216Hwb
11	17	2005	Holiday Gift Preview 2005	uuactsccH
11	18	2005	Friday Facts for November	uua51j7MH
11	21	2005	Showbiz and the analog clock	uuadzqXKH
11	22	2005	Showbiz eats all the gum	uua4N2JFK
11	23	2005	Goodbye, Showbiz.	uua5c5P9z
11	29	2005	THE TODD CREATION MYTH	uuappNMZj
11	30	2005	Pat's CheatLoaf	uuapXN6NX
12	02	2005	The flivver and the Hardy Boys	uuab5763J
12	05	2005	Ray has Happy Feet	uua6ZHnsv
12	06	2005	Ray's old-school glass of milk	uua3HR39P
12	08	2005	Nice Pete's voice actor audition	uua2rJ7Rb
12	09	2005	Fuck You Friday for December 2005	uuafWZfHQ
12	12	2005	Ray's mom senses diabetes	uua4fmzXj
12	14	2005	Ray writes to Reader's Digest	uuad142bH
12	16	2005	Ray parks like a bitch	uua8fDJp4
12	19	2005	Too early for pants	uuazZGXpN
12	21	2005	Téodor in the warehouse	uuac1jcPM
12	23	2005	Pat's eco-telligent best-stitutes	uuasf23P2
12	26	2005	Achewood Winter Break 2005, Day 1	uua3rFwbx
12	27	2005	Achewood Winter Break 2005, Day 2	uua6FWCkr
12	28	2005	 Achewood Winter Break 2005, Day 3	uuafgr5Sw
01	02	2006	Coming in 2006...	uua3GPLHb
01	03	2006	Lyle's sink bath	uuadSvH34
01	04	2006	What Do They Dream About: Téodor	uuaFQsrFk
01	05	2006	Téodor the Téletubby	uua1LlwHQ
01	06	2006	Ray's Prison Pen Pal	uua2pZnbV
01	10	2006	Helicopter Head Chop Off	uua9TXpVf
01	11	2006	Todd's Ana-Tomix	uua4Fpj9W
01	12	2006	Ana-Tomix nuts for your phone	uua4mHPzF
01	13	2006	Solo, by ChatSack with Karl Lagerfeld	uua87zbWP
01	16	2006	Ray's Mom Calls	uua4mX0W9
01	17	2006	Ray Lies About Christmas Cards and Children	uua5GPxMz
01	18	2006	Mrs. Smuckles and the Rib-eye	uuafLvjnF
01	20	2006	Roast Beef and Mrs. Smuckles	uua3rNDrp
01	23	2006	Pat and Mrs. Smuckles	uua6vKBC8
01	25	2006	THE GREAT OUTDOOR FIGHT	uua1RdJgb
01	27	2006	Rodney Leonard Stubbs	uua7mXlbj
01	31	2006	Envelópe Martinez	uua66RKJ8
02	01	2006	Meet Envelópe Martinez	uua3V829f
02	03	2006	Beef is Ray's Great Outdoor Fight Roadie	uua4kMQ8D
02	06	2006	Ray and Beef to Fight	uuadmddlq
02	07	2006	Beef in the Fight	uua2zqcSz
02	08	2006	Gossipy hot dog chef	uua1hZtjp
02	09	2006	The Day Before The Fight	uua6rqcQx
02	13	2006	Queueing for the Fight	uua96hTbw
02	14	2006	GOF DAY ONE - THE ACTION BEGINS	uuaclQXn8
02	15	2006	Meeting Ron Sipes	uua4WDmtn
02	16	2006	Beating Ron Sipes	uua6qkv2K
02	17	2006	Ted Cobb and Barry King	uua30g2cQ
02	20	2006	Sound and Motion	uua7fLBRs
02	21	2006	Barry King's Blog	uua110Pkk
02	22	2006	Guaranteed Honky-Tonk-Style blowjob	uua9QPTKv
02	24	2006	Fauntleroy Brown, the other BOC	uua5b37q2
02	27	2006	Lyle threatens to play a trumpet with his cock	uuafwM419
03	01	2006	Summons to Turkey	uua2RBGTW
03	02	2006	Turkeys and Brandy	uua5ffDkr
03	03	2006	Ray in the Snack Tent	uua3KwRkT
03	07	2006	Beef is Out of the Fight	uua7t2FgS
03	08	2006	The Cody Travis Army	uua87bVVs
03	10	2006	Done at Rudy Cava	uua2GwCJG
03	14	2006	Ramses Luther, Rodney Leonard	uua2dV42f
03	15	2006	Outside the Grounds	uuafxbn0g
03	17	2006	Talking with Ramses	uuadwm9WV
03	20	2006	Alright, let's go to the Jeeps	uua4PCCdd
03	21	2006	The Jeeps take the field	uua6TcSMx
03	22	2006	Commanding the Wrangler	uuacsSP7M
03	23	2006	Burning Down the Acres	uua7RQ0q7
03	24	2006	Leaving the Acres	uuabZSbfL
03	28	2006	Uncle George's	uua8vt5rq
03	30	2006	Great Outdoor Fight - Final Strip	uua6TwR9x
04	03	2006	The brave little Dutch boy / Lie Bot	uua4ZZzzm
04	05	2006	Philippe and the Couch	uua7BVcTq
04	07	2006	Philippe eats Chapstick	uua2xXLG3
04	11	2006	Philippe's creekbed bedside	uuad5219D
04	13	2006	Philippe in the Blackness	uuafFqwjJ
04	14	2006	Forgot to tuck in Philippe	uuac59fKW
04	17	2006	Philippe is missing!	uuabMMLp5
04	18	2006	Trashspotters catching up with Philippe	uuas7PsKX
04	20	2006	Zell and Cory, back-story	uua2F555N
04	21	2006	Philippe, King of the Dumps	uua61K4bw
04	24	2006	CHINA...NEEDS...COOOUUUCHES	uua4PQGL3
04	25	2006	Emeril and Beef abandon Téodor	uua4kmSHl
04	27	2006	Téodor and the Smut Door	uuadkF81H
04	28	2006	eBay Platinum Reserve	uua49B1PW
05	01	2006	Ray has Airwolf	uua8xfj3K
05	02	2006	The Airwolf GUI Shortcomings	uuagbcb2R
05	03	2006	Ray Kills Philippe	uua4CcNW2
05	05	2006	Philippe imagines God	uua61HB4c
05	08	2006	How couches actually think	uua5s7S2p
05	10	2006	Keith Moon's Head Alive	uua9HFRC2
05	12	2006	Keith Moon's Alive Head	uua8Q2ckJ
05	16	2006	Robert Smith's phone call to Téodor	uuabgFj3Q
05	17	2006	Achewood Award for Google	uua2TQfgC
05	18	2006	Beef and Molly Cell Phone Chat	uua8Sj4rM
05	19	2006	Roast Beef's Aluminum Underpants	uuacjdRDX
05	22	2006	The vestigial dong.	uua7pv2l1
05	23	2006	Scientific dong study	uua64lfv0
05	24	2006	Téodor is Sci-Fi Curious	uua79DgQN
05	25	2006	The Boys Are Back In Town	uua9kX2fN
05	30	2006	Trouble in the Pool House of Good and Evil	uua5TVvDX
05	31	2006	Page from Beef's Zine	uuacp0nzB
06	01	2006	Page 2 from Beef's Zine	uua22gT3s
06	02	2006	The Mega-nerds!	uuadFThz7
06	05	2006	Ray's SuperWoofer	uua5cQ5Vk
06	07	2006	Magic Underpants Finale	uuaftZZMW
06	08	2006	THE BADASS GAMES	uua2mSM1p
06	09	2006	Badass Games Day 1	uua9bCvzk
06	13	2006	Badass Games Event 2	uua5Lm03S
06	14	2006	Miami's Review	uua1fR3lN
06	16	2006	Badass Games, Car Quiz	uuaRwt2zc
06	19	2006	Magnus Intactus	uua94PqC5
06	21	2006	Cornelius wins the badass games	uuacVsb1l
06	23	2006	Cornelius's Old-School Gothic Bus	uua3M8Gmj
06	26	2006	Ray's neighbor problem / pissing into empties	uua4FljNl
06	28	2006	Ray's Drawing Therapy	uua6lFNs9
06	30	2006	Cornelius's Mensa Gig	uua78QSml
07	03	2006	Pimp Skitters	uua7r5TQx
07	05	2006	The Lyle / Todd con	uua11Qmsp
07	07	2006	Morally Challenging Hot Sauce	uua4FM8Ff
07	11	2006	Beef's depressing celebrity-obituary job	uua9mPPHn
07	12	2006	Roast Beef's workout tape	uua9TbFW7
07	13	2006	Leo Fontanette	uua7JSBS7
07	14	2006	Leo Fontanette and the Corn Field	uua9cVKsG
07	17	2006	Leo's Funeral Plans	uua2Sj0Rn
07	18	2006	The Mike Stonetower School	uua2PnJWX
07	19	2006	Todd is on the Fuck Plan	uuab4z4wL
07	21	2006	The camera is bad to Beef.	uua1NdWVK
07	25	2006	George Michael and the shrubbery	uua5zNDzt
07	26	2006	Ray at Whole Foods	uuadmnt6R
07	28	2006	Téodor's Camera Tests	uuacrmC3r
07	31	2006	Magical realism camera from Mexico	uua5G442d
08	02	2006	Dreamwheel And The Child	uuadNf5Gk
08	04	2006	Simon arrives in Achewood	uua7dN2GG
08	07	2006	Gladdington Castle	uuakdkFMs
08	09	2006	Simon calls Pat for coffee	uua10XhjD
08	11	2006	Pat's Armor Comes Off	uuadRF5MV
08	14	2006	Pat is Completely out of the closet	uuabZLFQX
08	16	2006	Takin' it in the can	uuacdld6s
08	17	2006	Achewood baby edition	uuaQSPjpx
08	18	2006	Ray and Téodor golf chat about gay Pat	uua9J8CXd
08	21	2006	The Brothers In The Syndicate	uua9nXcGN
08	23	2006	Beef and the Rally Cars	uua3p1MjL
08	24	2006	Excerpt from Beef's Zine no. 2	uuaxwszZm
08	25	2006	Please Fuck Ray Friday	uuacNJqjR
08	28	2006	Converted diesel car	uua8TzXtX
08	29	2006	Yo mama jokes	uua3PLfTc
08	31	2006	Roomba Cinema - Eraserhead	uua1sqCKN
09	01	2006	ROOMBA CINEMA - Pump Up The Volume	uuabn50fH
09	05	2006	Saddest Thing Tri-reduxtastic	uua6kM1Z5
09	06	2006	Ray's Magreaux Dog	uua2GgX4b
09	07	2006	It winds down for Ray	uua1BmSQk
09	08	2006	Sanryobuki RemoteMed Trio	uua7N0Mqx
09	11	2006	Auf Deutsch	uua7FTTnh
09	13	2006	Ray's Sex Life, with Pat	uua85W66r
09	14	2006	Philippe's Mystery Story	uua99jj4L
09	15	2006	Ray Understands Computers	uua7xFNRT
09	18	2006	palindromes	uuafSsS3H
09	19	2006	Little Nephew and the Vaseline	uua44psTC
09	21	2006	Bensington Butters' dark secret	uua8p09v4
09	22	2006	Scooby and Scrappy	uua7lSBTR
09	25	2006	Ray calls O'Malley, Private Eye	uua7jGffp
09	26	2006	Magical Realism cell phone	uua2B2Flj
09	28	2006	Bensington cheaps on the copter to Cabo	uua559jGh
09	29	2006	The helicopter sprouts legs	uua9TFFZM
10	02	2006	Helicopter Longlegs	uuabMV7Vs
10	03	2006	Characters, Warehouse	uua11BJbT
10	04	2006	Warehouse II	uuaXBW9L4
10	06	2006	Enter the Warehouse	uua56twx3
10	09	2006	Meeting Lonis F. Edison	uua28Q9Kq
10	11	2006	Lonis Edison's Ketchup Plans	uua4Tm5TZ
10	12	2006	CATCHING UP WITH BENSINGTON BUTTERS	uua8pqhrh
10	13	2006	TGI Judas Priest Friday	uuafJD5FC
10	16	2006	Roast Beef and the News	uua3zmkh3
10	17	2006	The Baying Hematite	uuagfmBKn
10	19	2006	Reprogramming Bensington	uua7w1jbV
10	20	2006	Philippe Friday Facts Fall 2006	uua1P43SK
10	23	2006	Bensington as shirtless Irish jump-dancer	uua8MHmtQ
10	24	2006	Lyle's hat trick	uua1dpPpZ
10	25	2006	Ray Walks Home From Mexico	uuaKfwPqQ
10	27	2006	Friday Facts - Nudity	uua3rwqXm
10	30	2006	Philippe invents the Dogcken	uua4dNmX7
10	31	2006	Look into Ray's eyes while he pees	uua3Zwn02
11	01	2006	Beef's Zine No. 3 - excerpt	uuafR40Q8
11	03	2006	Téodor's Romance Novel	uua4V8QW8
11	06	2006	Chinese People / Delicacies	uua3Khpt8
11	07	2006	Erotic Wine Tasting	uua8JqV1s
11	09	2006	Todd forgot to hibernate	uua4SJNB4
11	10	2006	Junk Plucker	uua4tq7fp
11	13	2006	When geniuses and trucking collide.	uuaxd1NPS
11	14	2006	Jack and Diane Party	uua2cpPHk
11	15	2006	Roast Beef's Odor	uuaclrTJj
11	17	2006	Emeril vs. Jesus	uuafdxgQ0
11	20	2006	Beef's Anti-Depression Lamp	uuac2KHVD
11	21	2006	Ray's Chinese Delicacy.	uuadVj545
11	22	2006	Ray Against Unnecessary Faxes	uua4jGWj9
11	27	2006	Nice Pete's Sketchbook	uuabQLClq
11	29	2006	Ray's Stupid Cell Phone Conversation	uua6tvW4B
11	30	2006	Molly's Tiffany Slut Gift	uua4LHdZv
12	01	2006	Lyle, Pornography, Rent	uuabBGzRP
12	04	2006	Meg White NAKED	uua7SFpdD
12	05	2006	Beef, Depression, Toast	uua5PhThb
12	06	2006	Vlad's SPICE gig	uua5Jmd8Q
12	08	2006	Friday Facts December 2006	uua2gJ6lK
12	11	2006	Mister Band	uuacpRKg8
12	13	2006	Ray signs Mister Band	uua5M6rq2
12	14	2006	Antonyne Cheops Smuckles	uuacWQjxk
12	15	2006	Antonyne Cheops, Man of Claims	uuahDX62n
12	18	2006	Story of Rustmouth and Silent Bird Wallace	uua5xWxWf
12	19	2006	Aloisius, Stone Bird	uua4KB8C5
12	21	2006	Rustmouth and Silent Bird	uuac4z2z2
12	22	2006	Pete has Music Hair	uua5qJtTz
12	26	2006	Mister Band Lyrics	uua4184p0
01	02	2007	Ray's Gay Romance Novel	uua6zDZZ5
01	03	2007	Lyle is demoted from Mister Band	uua4ZZq5H
01	04	2007	The Lyle-Téodor Swap	uua2THtsZ
01	05	2007	Ray wants weed from Téodor	uuab0Xmdt
01	08	2007	Making light of Nice Pete's musical sensibilities	uua3PFKzX
01	09	2007	Ray invents hip-hobbit.	uuabdMqKZ
01	11	2007	The Wizard Dined on Coelacanth.	uuaspPMNz
01	12	2007	Nice Pete's iKill	uua5JFkP3
01	15	2007	Nice Pete's call with Hajul the EE	uua1cJN3s
01	16	2007	Nice Pete gets stabbed in the head	uuahQNnb9
01	17	2007	Nice Pete's ass gets stabbed	uua5TnnJT
01	18	2007	Ray plays Whac-A-Mole at life	uua6l4zVz
01	22	2007	Ray as the New Jesus	uua7h3Mfw
01	23	2007	Zine 4 outtake	uua2xtN9t
01	25	2007	Quail Bible	uua73KZPl
01	26	2007	Molecular Gastronomy	uua5Lb79r
01	29	2007	Speed Bumps	uuabSp9Lm
01	30	2007	Sleep-chillin'	uua7BhQzX
01	31	2007	Ray Glocks a Cow	uua1DFfzt
02	02	2007	Too Depressed to Grocery Shop	uuacL4tM9
02	05	2007	Tostadas	uuadp9htW
02	06	2007	Polack Magazine	uuadD2SVv
02	08	2007	Todd back from heaven	uuadNSQPR
02	09	2007	Lyle's Vinegar Ablution	uua6sHdDN
02	12	2007	Cornelius's Special Bowl	uuabSKmkG
02	13	2007	Ray's New Google Logo	uua4PZZ8x
02	15	2007	Ray's Urine	uua36VJ9v
02	16	2007	Philippe Goes Deaf	uua6cqSNt
02	20	2007	Ass to Breast Man	uua2KvztM
02	21	2007	The Ass-Breast Test	uuafgNG0B
02	22	2007	Breast Man Perks	uua2jBpgs
02	23	2007	The WalletPen!	uua5gbV8N
02	26	2007	The Julie and Julia Strip	uua2dVPp4
02	27	2007	al-Qaeda Cook Book	uua8gLQSc
02	28	2007	Roast Beef Flowchart	uua6vmjRM
03	01	2007	Ray's Flowchart	uua55t2hT
03	02	2007	Lyle's Friday Flowchart	uua1q2CqJ
03	05	2007	Leon Sumbitches	uua3B55DL
03	07	2007	Jewish Supplies	uuacWVMzj
03	08	2007	Writing to Leon Sumbitches	uuacFn36f
03	09	2007	Reply from Leon	uuafXFzNP
03	12	2007	Hearing Back from Leon Sumbitches	uua7lGMWj
03	13	2007	Calling out Leon	uua7Ff5Lv
03	15	2007	Meeting Dr. Leon Adoso Sumbitches	uua2qs6lV
03	16	2007	Good bye, Leon Soom Beh Cheh	uua2K6Ndg
03	19	2007	Pat Reynolds Flowchart	uua3VlNwR
03	21	2007	Reinventing Gay Porn	uua3JV408
03	22	2007	Rampin' up the Gay Porn Biz	uuadqgV2l
03	23	2007	Weepy-Weep	uuadl3Vqk
03	26	2007	Oskar and Reiner's Schvitz Party	uuac3rt8n
03	27	2007	Can I Get Off To This?	uua3kgCd2
03	28	2007	The Gay Porn/Moonwalk Analogy	uua8gg0WQ
03	29	2007	Reinventing Gay Porn Take 2	uua6C7Zkp
03	30	2007	Gary Sinise Will Not Be In This Gay Porn	uua6vpPWk
04	02	2007	Getting Through to Simon Cowell	uuabgDddj
04	03	2007	Superimposing Rod Huggins	uuabsgN1B
04	04	2007	Directing Rod Huggins	uuab4QdZC
04	05	2007	Ray Breaks On Through To The Other Side	uua5HRpf0
04	06	2007	Unbathing Rod	uuaLmnZR1
04	10	2007	Pat's Chance Encounter With Rod Huggins	uua9C8k6N
04	11	2007	Bad porn.	uua9m1DdV
04	12	2007	Rod and Pat at the Diner	uua6Rg6Pd
04	13	2007	Friday Facts - Ray Came Over	uua5K1m75
04	16	2007	Ray Commissions a Romance Novel	uuabpq8D8
04	17	2007	Spanking the President for Cash	uuafXZRrS
04	18	2007	Todd's Flowchart	uua28Hb67
04	19	2007	Vlad Flowchardt	uuaDVvB5P
04	23	2007	Slow pitch softball	uuabDPM9h
04	24	2007	Beef's Baseball Conditions	uua22cwFw
04	25	2007	PLAAAAYYYY BAAAALLLLL	uua3MNN3p
04	26	2007	Ray's Excellent Bat	uuac74WLK
04	30	2007	The First Pitch	uua1wxhqH
05	01	2007	Nightlife's opening pitch	uuajJtwd0
05	02	2007	The Extent of Ray's Injuries	uua47qWdh
05	03	2007	Andretti's Assessment	uuaf1DGh4
05	04	2007	Friday Facts - Ray's Condition	uuafWWzXv
05	07	2007	Ray's Afternoon Therapy	uua12lVwn
05	09	2007	Ray has finished his retardancy	uuadjGbBj
05	10	2007	The Slow-pitch Softball of the Heart	uua3ClBzg
05	11	2007	Fuck You Friday - Pat Edition	uua8dkqmL
05	14	2007	Chris's Sick Day	uua5qbrPV
05	15	2007	Lawnimatronics	uua6C3Rmq
05	16	2007	Ugliest Yard Contest Day Two	uua2tPfRd
05	17	2007	Operation Horrible Front Yard	uua1wmlkT
05	21	2007	How Much of The Man is Beef	uua5vVh0m
05	22	2007	Proposal dry-fires	uua4ppfXP
05	23	2007	Love On Paper	uuaLQN6rd
05	25	2007	Popping in to the Dude and Catastrophe	uua2H1B5Z
05	29	2007	Ray Pens His Wedding Toast	uua5NRTWV
05	30	2007	Chevy Ford Wo's	uua12ghkv
05	31	2007	The Wise Points of the Crudgens, Considered	uua1hqrl7
06	01	2007	Spreading the Love	uua478bGg
06	04	2007	The Ring.	uua7jV36W
06	05	2007	The chick cares about the dude when the dude does not care about the dude	uuadSpkGS
06	06	2007	Agua	uuafpc1sC
06	07	2007	Nick Hornby said it first	uua76tPkH
06	08	2007	Yet Another Alternative Energy Source	uua14SLxm
06	11	2007	California Bridegroom	uuab5Z4nK
06	12	2007	MWY no. 5 excerpt	uua9FWb1H
06	13	2007	Marriage got to get paid, son.	uua4RCWKb
06	15	2007	Wedding Registry	uua7xB2rm
06	18	2007	Even Gouging Pat a Little	uua4t82bs
06	19	2007	Help, My Friend is a Church!	uua4TM0P0
06	21	2007	Don't Change, Man.	uua1rzZtV
06	22	2007	Friday Facts - Lyle's New Glasses	uuafwspQM
06	25	2007	Ray's Baseball Card	uua8shQK1
06	26	2007	The Etiquette of Death by Helicopter	uua74gRLB
06	28	2007	New Bidet	uuacTG4Zs
06	29	2007	Molly's Father	uua3srmv7
07	02	2007	Lyle's Baseball Card	uua4lsclK
07	03	2007	Performance/Pay Inequalities	uua9mLTBs
07	05	2007	Comic Sans	uua80lgw4
07	06	2007	Friday Facts / Fig You Friday edition	uuacLhGdS
07	09	2007	Can I has Cheezburger	uua9fPSpK
07	10	2007	This is one of the worst cat mistakes.	uuafX07bw
07	12	2007	The Ugly Thoughts	uua91pqtc
07	13	2007	Philippe's Baseball Card	uuag0CVRr
07	16	2007	No One is Less Important Ever than a Teenager	uuaRgh96r
07	17	2007	Lolcat Scratch Fever!	uua3gJVlq
07	18	2007	Ray's Lolcat Regrets	uua8km2HH
07	19	2007	The Childhood Drum	uua8X3SRP
07	20	2007	Friday Facts - Sports Edition	uua70gRkt
07	23	2007	Ray Bests Up on Beef.	uuadBrRxQ
07	25	2007	Whiskey Dick, Examined	uua26f4nN
07	26	2007	Lyle's Children's Book	uua8ZMw7T
07	30	2007	Saddest Thing IV	uua6T0qLp
07	31	2007	K-Y Jelly	uua6psTwM
08	02	2007	German Lessons	uua6GQ6Jl
08	03	2007	Well changed rural test from a lady	uua8wk0Gv
08	08	2007	Is Roast Beef a butthole?	uua9qwZbw
08	09	2007	Hyype Therapy with Chaka	uua9HSm5v
08	10	2007	Ray's Chaka Session con't	uuag130gw
08	13	2007	Philippe Times Monday Science Section	uua2qMrnt
08	14	2007	Téodor's interior monologue	uua17GhsS
08	16	2007	What Ray Thought About Today	uua3dmDFT
08	17	2007	Roast Beef's Initial Considerations	uuadXtclW
08	20	2007	FiestaMax	uuagKq1Jg
08	21	2007	Leaving Fiesta Max	uua1FS9tc
08	22	2007	Philippe's 5th Birthday Party	uuaCRn4KG
08	24	2007	The Butcher's Diagram	uua2xVNhW
08	27	2007	Lyle in Traffic Court	uua6GX25t
08	29	2007	Téodor's Flowchart	uua8DkBsR
08	30	2007	Nice Pete's Flowchart	uua6SDbzB
09	04	2007	Time is the only magic	uuadP29bn
09	05	2007	An Uncomfortable Problem We've All Experienced.	uua2v8zkR
09	07	2007	Ray's Drawing Problem	uua1z8RSN
09	10	2007	Mr. Bear's Junk Mail Folder	uua2F9QGf
09	12	2007	The Cornelius Thought and Decision Minder	uua28Qg3G
09	13	2007	Philippe's Inner Machinations	uua8ptHqL
09	17	2007	Ray's Merkin	uua95QRjt
09	18	2007	Bubble Gum	uuadTVlDT
09	20	2007	A Bra.	uua4rfh5r
09	21	2007	Fuck You Friday September Twenty-First	uuafVJ7xv
09	24	2007	Todd's Late Night Show	uua8nNVf5
09	25	2007	Todd's Skit Ideas	uua57k0Pt
09	26	2007	Todd's Contract	uuaGhHzq0
09	28	2007	Delicious Coke Shake	uua1VN6Cm
10	01	2007	Our Sixth Anniversary.	uua2vZbJk
10	02	2007	The Future	uua2dTnKw
10	04	2007	Managing Todd	uua8PGltM
10	05	2007	The Candle that Didn't Need Wind	uua4Z0XpR
10	08	2007	Leaving Las Vegas	uua6T02Wm
10	09	2007	Time to Get the Juicy Dirty Tell-All Started	uua15Jsbj
10	11	2007	Bill Gates Fan Fiction	uuaclBVzW
10	12	2007	Friday Acts	uua81zRBC
10	15	2007	The Todd Show, ep 1	uua2BJb9X
10	16	2007	The Todd Show, ep 1 pt 2	uua5nJl2Z
10	17	2007	Todd Show Finale	uua7Jw44J
10	19	2007	Wrap-up Call	uua3zvkrK
10	23	2007	Being Teodor Orezscu	uua1KntRs
10	24	2007	Cooling it with a rental	uuachgX5z
10	25	2007	The Rad Day	uua1FMFK0
10	26	2007	Facts Enough for the Weekend.	uua2p6SNj
10	29	2007	The Writer.	uuaccTXnM
10	30	2007	Shampoo	uua9f9sJP
11	01	2007	Halloween Candy	uua6PgQjv
11	02	2007	When Best Friends Talk	uua6d4PxB
11	05	2007	Ray's Japanese Toilet	uuaflzCHV
11	07	2007	Philippe Inquires About Homosexuality	uua3jdrGr
11	08	2007	Guinness Book	uuactp27M
11	12	2007	Searching for one's self on eBay	uua9vPW97
11	13	2007	He Meets Him.	uua5c1Gf7
11	14	2007	Guy Talk	uuad1ZHLw
11	16	2007	Friday Facts - Get Tough Edition.	uuafFXztz
11	19	2007	Ramses is a Master of Many Crafts	uua5cdDjx
11	20	2007	He Got it From Father.	uua170rxg
11	21	2007	The Last Hardy Boys Book.	uuab87X3j
11	26	2007	When a Lady Does a :(	uua6v7Z6f
11	27	2007	Ray Knows From Deuces.	uuacMMCMR
11	29	2007	Lyle's Dildo	uuabklrr6
11	30	2007	The Perky Pervert	uua88pz5C
12	03	2007	Nolan	uuacsKtX7
12	05	2007	The terrible fear revisited	uua8C8sVW
12	06	2007	Key Words	uua3x8v0l
12	07	2007	Philippe's king equipment	uua2zV7T9
12	10	2007	Why Did You Hit The Computer	uua4rjqpb
12	11	2007	Pay attention.	uua2J5Mkb
12	13	2007	Previously.	uua1NHCc6
12	14	2007	Friday Facts, with a light horse theme.	uua3kmJGx
12	17	2007	Courtesy. It's catching.	uua5Wc5Bz
12	19	2007	Evening Ink	uua6C4zXC
12	20	2007	The Needle and the Damage Done	uua4blrXT
12	21	2007	Presumed hard and left for absent.	uuadXQv1B
12	24	2007	Reissue - Little Nephew's Hip-Hop Pants	uua8Sgjjf
12	26	2007	Reissue - The Mountain and the Motorcycle	uua7CpZmF
12	27	2007	Reissue - Killing is Like Basketball	uua9kDHDq
12	28	2007	Reissue - Ray Gets Sort of Stoned	uuafZg01x
01	02	2008	Ray's Annual Book.	uua8G0KQg
01	03	2008	Stephen Hawking	uua16bgBz
01	04	2008	The Amazon Package	uuafLfT9c
01	07	2008	The Kid Computer	uua9bD4fL
01	09	2008	Rough miles and raw whiles	uua4G4KRB
01	11	2008	Another Man's Way	uuacRvkCZ
01	14	2008	Abraxas	uua9SX46n
01	16	2008	Million Story Building	uuadcpT63
01	18	2008	Microsoft Spatchcock Supper	uua8JxxSX
01	21	2008	There is a New Mayor	uuadd5CPb
01	23	2008	Politics.	uuafQRGwD
01	24	2008	Quebec	uua5kr5k2
01	25	2008	The Perfect Idea.	uua7wrVlV
01	28	2008	Ray hits his stride.	uua9TQKHM
01	30	2008	The Dude Keeps Declaring.	uua1HmfVV
01	31	2008	A Call from Sondra.	uua7WWBZC
02	04	2008	Ray Covers His Bases	uuad6pjlb
02	05	2008	Mopey Téodor	uuacsX4lc
02	07	2008	Roomba Cinema, Pulp Fiction Edition	uua4mGd8G
02	08	2008	Love Among the Chioggia	uua387PHR
02	11	2008	Choosing the Right Tea.	uuacHchcp
02	12	2008	Inside the Mind of Sondra Smuckles	uua7zmHGt
02	14	2008	Valentine's Day.	uua11wnKq
02	18	2008	The Achewood Generator	uuabJWX1t
02	19	2008	The Transatlantic Cable	uuag94Bw1
02	21	2008	The Kid Who Ended The Mafia.	uuac0K0Gp
02	22	2008	Harper's 27 Women.	uuafrzxdF
02	28	2008	Touch of Grey.	uua3Dc5V2
02	29	2008	Making the Rent	uua8J5Rxb
03	03	2008	Nice Pete begins A Marvelous Romance	uua1BcKVR
03	04	2008	Philippe's Text Adventure	uuawVL45f
03	06	2008	Dungeons and Dragons Explained	uua1pcv3h
03	07	2008	An Afternoon With Molly Sanders	uua8cpNCp
03	10	2008	Knuckleheads Magic Adventure	uua7X8sFG
03	11	2008	Ray's Penance.	uua8GHKcF
03	13	2008	Showbiz Weighs In On The Wedding	uuafrSLGQ
03	14	2008	First Dance	uuaGQK58M
03	17	2008	One for the Brits.	uuabvs2St
03	18	2008	The Joys of Formula One	uua6CWN3H
03	20	2008	Philippe at Laszlo's	uua2FFxP9
03	21	2008	To their dismay, this happens.	uua4wmTGZ
03	24	2008	Roast Beef and the Prostitute	uua2tdxRP
03	26	2008	Breast Implants.	uua2ChFMb
03	27	2008	Hangin' Out Readin'	uuadm2gnK
03	28	2008	1950s Ethical Technology	uuab9JSHM
04	01	2008	Cornelius's New Computer	uuabnsCkg
04	02	2008	The New Laptop Arrives.	uua4FgXGZ
04	03	2008	Booting the Shrovis.	uua4Qkx8j
04	04	2008	Problems With the Shrovis.	uua86zkqq
04	08	2008	Chatting With Mr. Teal	uuag0NPmk
04	09	2008	The Return of Mr. Teal	uuabJR5GD
04	10	2008	Burying Keith the Publican	uuafDmzt4
04	11	2008	Cornelius in the Cooler	uua58lW0K
04	15	2008	Getting Boffined	uuabXFp8N
04	16	2008	The Boffin.	uua40fSfD
04	17	2008	Fetching Cornelius	uua2ZZQDB
04	18	2008	Fetching Cornelius II	uuacHcG7N
04	22	2008	The Mad Dash of The Boffin	uuacVwDFt
04	23	2008	Roomba Cinema - A Clockwork Orange	uua7w6xhv
04	24	2008	Beef's Stationery Issues	uuad74s6J
04	25	2008	The Kazekzakis Card Company.	uuadxT4qj
04	29	2008	Stationery - Rapid Growth Phase.	uua75wB83
04	30	2008	Universal Card for Dudes.	uuag6CCRh
05	01	2008	Shake That Money Maker	uuab296nJ
05	02	2008	Dan in the Morning	uua3FXjBS
05	06	2008	Waylaid in Texas	uua6txNKZ
05	07	2008	An Appreciated Man	uua2DFGPz
05	08	2008	The Man From C.H.I.V.A.S.	uua2lkr9f
05	09	2008	Wealth Intervention	uua3g34MS
05	13	2008	Finland.	uuadgbz9h
05	14	2008	Pizza Parlor Fantasy	uuaqPSCb9
05	15	2008	Ray's New Biographer	uuaKXfsMV
05	16	2008	Plied with fine music	uua6qJwmf
05	20	2008	Nice Pete, Amanuensis.	uua12dHnJ
05	22	2008	The Resignation of the Amanuensis.	uuadsHTwp
05	23	2008	Wedding Invitation.	uuacXPcs2
05	27	2008	Beef's Bachelor Party - Planning Stages	uuabGdd8n
05	29	2008	Martha Stewart Weddings	uua5jbGrp
05	30	2008	A Look Inside...Roast Beef Weddings	uua81stjg
06	03	2008	Wedding Menu	uua7DXsf8
06	04	2008	Wedding Vows	uua70jlfs
06	05	2008	The Pre-Nup	uua6rz5td
06	10	2008	The R.S.V.P.	uua1tdZhQ
06	11	2008	Picking Up Showbiz at the "Airport"	uua6tqRQm
06	12	2008	See That You Do.	uuacnbxlL
06	13	2008	T-minus Three Weeks.	uuafBXL8H
06	17	2008	The Serious Men of Bread Convene.	uua1r9W1M
06	18	2008	Forever Hold Your Peace.	uuadqPxpN
06	19	2008	O Brother, Where Art Thou?	uua4bllRT
06	20	2008	Bachelor Pre-Party.	uuad60lw1
06	24	2008	Wedding Menu Redux.	uuajHGWWR
06	25	2008	In the Home Stretch.	uua241HJB
06	26	2008	Home Stretch - The Board Game	uua7vvLZk
06	30	2008	Bachelor Party	uuachgSRp
07	01	2008	Guests Trickle In.	uuag0DFX1
07	02	2008	Closing in on Love.	uua9KNgxh
07	03	2008	Penultimate Wedding Montage	uuacfclRQ
07	07	2008	Flop Sweat.	uua8c9kcq
07	08	2008	A Winter Son.	uua3Tsxkt
07	10	2008	The Guests Gather.	uuag8W4c1
07	11	2008	On Rails.	uua58kWfr
07	15	2008	The Math.	uua4ZGXxz
07	17	2008	Reception Scene One.	uua4WX8b1
07	18	2008	Reception Scene Two.	uuaxx9sNX
07	22	2008	Exeunt Ramses.	uua7S7dSb
07	24	2008	Blunderbuss Comix No. 1	uuabsCWL4
07	25	2008	Blunderbuss Comix No. 2	uua2Gs7Bc
07	29	2008	Caboose.	uuablp5mF
07	31	2008	Knuckleheads to the Minute	uua3JCzfD
08	01	2008	Self-Confidence.	uua88ghBW
08	05	2008	Conspirogami.	uua9tCLS4
08	06	2008	Progeny Dialectic.	uua8L11Ws
08	08	2008	Crosswalk Karma.	uua4gm7Cf
08	11	2008	Good Country Decorum.	uua7Cg48T
08	15	2008	The Lyle Creation Myth	uuabzRGgv
08	19	2008	Educating Philippe.	uua359tzW
08	20	2008	Philippe's Birthday.	uuad9NltV
08	22	2008	In The End, We Are All T.A.F.	uua7f4DNv
08	25	2008	Rod Huggins Morning Flowchart.	uua1600l8
08	26	2008	Senior Portrait.	uua30jWqk
08	27	2008	LovePhoenix	uuag5fFtr
08	28	2008	Tina's MBA.	uua1PDFMR
09	02	2008	Belly Button.	uua6XRQxZ
09	03	2008	This Is Not A Strip!	uua9D7QT6
09	05	2008	Patching Up a Friend.	uuabtTsNL
09	09	2008	Medical Discretion.	uua10rq47
09	10	2008	From the Pages of Gentleman's Quarterly	uuadq80L2
09	11	2008	Circumstances of the Heart.	uuaxGXC1r
09	12	2008	It's a Fuck You Friday!	uua7dNZbK
09	16	2008	The Extrication Plot	uua1bnCXv
09	19	2008	En Route to the Radisson.	uua5jhv2L
09	23	2008	Meeting Prince Kharmoud Halat	uua1QzSGq
09	25	2008	Summit of the Kinky Minds.	uua5hxVgl
09	27	2008	Enter the Commodore.	uua3t5Hsz
10	01	2008	Exit the Commodore.	uua3phVHZ
10	06	2008	Philippe's Halloween Costume	uua3TShqW
10	08	2008	That tired old election year Canada claim.	uua40K9dh
10	13	2008	The Last Time You Make Love	uuadRsH3N
10	15	2008	At Larry Borgioni's The Cheetah Room.	uua2x0DQ6
10	17	2008	Cannonball	uua26wNMz
10	20	2008	Escape velocity.	uua86ZDl6
10	23	2008	Sussin' Connie	uua8DzDXn
10	27	2008	Morning at the Parallel Corral	uuacVDzQp
10	29	2008	In Point of Fact.	uua4QWDqQ
11	01	2008	Tattoo discussion.	uua2rdrJ9
11	11	2008	Catching Up.	uua7pVH91
11	15	2008	A Little More Catching Up.	uua86HFkm
11	17	2008	A Proposed Dinner Party.	uua25p9Jn
11	20	2008	Ray's Dinner Party	uuafg2nl5
11	23	2008	The Boy Who Saved the Airplane	uua5zqz3P
11	26	2008	Deconstructing Ray Smuckles.	uua2qpw0B
12	02	2008	Under the Hood.	uuad2tGvc
12	04	2008	Flubbus Interruptus.	uua8MzQVh
12	09	2008	The Mise en Place of Love.	uua7hzpc9
12	15	2008	Enter the Sous Vide.	uua4Fh9Dr
12	18	2008	Because I Got Depression.	uua4fbMSQ
12	22	2008	Waldenbooks	uua7GWvml
12	24	2008	Christmas Eve 1981	uuaxfwGwT
01	06	2009	Coming in 2009	uua9pqndF
01	12	2009	The Visible Heel of Adam Smith	uua5bhjGf
02	02	2009	Genteel Wherewithal	uuafQ8gq1
02	04	2009	Professor Gabriel	uua399FV4
02	06	2009	It's a Fuck You Friday.	uuad4SzcQ
02	11	2009	Always Visit the Right Man.	uuagdP5fX
02	13	2009	A New Friend.	uua5BRn98
02	16	2009	Phrase Out of Water.	uuacZ7cjl
02	19	2009	Sideburn Generator.	uuabVMtwp
02	21	2009	Roast Beef's stomach needs a name. How about Greg? Or Nick. Or Nestor.	uuafCpFv4
02	24	2009	Fixing the Economy	uuabld38T
02	26	2009	Performance Anxiety	uua9WlZBF
03	02	2009	Distributed Homeboys	uua6ZPtHq
03	05	2009	The Pocket Dial.	uua6G8QT6
03	10	2009	The Actual Story of Lyle.	uuacmmWCF
03	12	2009	Darlene and Lyle.	uuacMXvKL
03	15	2009	Understanding Darlene.	uuafVwtGm
03	17	2009	The Firebrand and the Firewater.	uuabLZTHQ
03	18	2009	History as Commodity	uua8CrM3q
03	20	2009	The Wii Manifesto	uuadC8bQm
03	23	2009	Vlad's Coup.	uua6FhHPR
03	25	2009	Ray on the Vlad Show.	uua7z8zvk
03	27	2009	Pat on the Vlad Show.	uua2dSHXd
04	01	2009	Téodor on the Vlad Show.	uua2WGGNH
04	03	2009	Darlene and the Baja.	uuaDqwH3M
04	08	2009	Bead and Breakfast	uua66dpBs
04	09	2009	Four Misuses of Civic Property	uua91wmqB
04	10	2009	Friday Facts, Birthday Edition!	uuaf46mNG
04	13	2009	Peter, Paul, and Mary	uuaFXbskz
04	19	2009	The Farm Has a Nickname For Its Rooster	uua1nSpGP
04	20	2009	Roast Beef's Tone Poem	uua14nSD0
04	23	2009	The Carcinoslippery Slope.	uua1BCKmn
04	26	2009	Taking Pat and Rod's Vacation Mail	uua1SXF46
04	28	2009	Wales, 1676	uua30nh3z
04	30	2009	When Simple Worlds Collide.	uua9FmFsg
05	04	2009	Romanticized Sketch of the Birth of the Nacho.	uua10lKTm
05	08	2009	Peat-Boxing	uuafFp8tV
05	11	2009	The Reluctant Minstrel	uuafHzNR5
05	13	2009	The New Polyprofligates.	uua2KHkKV
05	15	2009	Coaching Padrig.	uua2GPtQ2
05	19	2009	A Dangerous Sense of Entitlement to Artificial Comforts Pervades.	uua5DRZkV
05	22	2009	A Certified Letter.	uuaffxH6q
05	26	2009	Ray in the Public Storage.	uua8TqJlG
05	30	2009	The Finest Stone in Wales.	uua4kpxVH
06	02	2009	Winning Lloyd Over.	uua584N1w
06	04	2009	A Complication Involving Sheep.	uua44vmR0
06	10	2009	Emergency Origin Myth for Charley, Etc	uua4WWnLt
06	14	2009	The Men Take a Selfish Aside.	uuabVhxqH
06	15	2009	A mis-step.	uuab12T6T
06	18	2009	A Return to Smucklewood Manor.	uuaBXrDBf
06	23	2009	Cornelius on Facebook.	uua596D4W
06	28	2009	The Moonwalk Has Come to a Full and Complete Stop.	uuakVJvNR
06	30	2009	Philippe - A Love Romance.	uuafVdzlx
07	02	2009	The WISMOD.	uua5qB69q
07	06	2009	Getting High On One's Own Supply.	uua6RFHbc
07	08	2009	A Letter from Williams-Sonoma.	uua8g4WKW
07	13	2009	Cornelius Abdicates the Throne.	uua6ZFvXL
07	16	2009	Ray's Lousy Sapphic Erotica Gets Called Out.	uuacxDW6d
07	18	2009	Chuck Seizes the Metric by its Jugular.	uua8sbMj4
07	21	2009	Téodor accidentally pleads his case.	uua9VXSbn
07	23	2009	Téodor pulls a Dignity.	uuacdS2Cp
07	27	2009	Master of Ceremonies.	uua7HXCc0
07	29	2009	He Stands On No Ceremony.	uua3dRsLD
08	02	2009	The Contest Begins.	uua2NcFz9
08	05	2009	Roast Beef, He Falls. Fine.	uua5qGSv7
08	06	2009	Two cards.	uua1gffCl
08	10	2009	How to Not Hold On.	uuaXZrCCp
08	13	2009	A Courteous Primer.	uuablMwnb
08	17	2009	Seat Z-1.	uua81k1NX
08	20	2009	OnStar to the Rescue	uua2nJSZl
08	25	2009	Who is the Cat / in the Yurdish Dying Hat?	uuag2q43L
08	27	2009	EOF	uua3znt61
08	31	2009	Karmic Cycle.	uua24W9lv
09	03	2009	My One Big Day Off.	uua9krHCZ
09	04	2009	Roast Beef Takes a Gamble	uuacjpq24
09	08	2009	Of Head Wounds and Identity.	uuafpDVFc
09	12	2009	Don't Want Today? Then Flip the Switch Negative on Today.	uua5GjtJM
09	15	2009	Thanatos Has Left the Building.	uua6lh1KB
09	21	2009	Tone Unsuited to Subject.	uua90l3Rb
09	23	2009	The Man Weathers No Editor.	uua2LwBK8
09	28	2009	Striptease Greenhorn	uua21H4DT
09	30	2009	Vocation, or, a Calling from God.	uua7BTJXs
10	05	2009	That Man is a Business.	uua576mcV
10	09	2009	Don't Load That Gun.	uuad13v2T
10	14	2009	The First Guy to Do That	uua8pvpr9
10	17	2009	Sorry this took so long.	uua3fq01k
10	21	2009	Easter Egg!	uuafB7NGc
10	23	2009	Narpissus and Oldmund	uua96pqMt
10	28	2009	Nesting.	uua6t4P0L
10	30	2009	The Bro-mance Days.	uua5LC5HB
11	02	2009	Maakies Guest Strip	uua5tF27B
11	07	2009	Chilling with Lee Sungjae.	uua8tJjtJ
11	15	2009	How It's Going!	uuafCmz1L
11	19	2009	Think of the Children.	uua8zgs2f
11	24	2009	Everything You Do Is Wrong	uua5Fz1qg
12	01	2009	Posting in parts. A test.	uua7mrMW6
12	03	2009	Part Two.	uua37P81T
12	05	2009	To Go Online, Or Not.	uua9MBb94
12	10	2009	The Pope Does Not Know Any Sluts.	uua7ms6z7
12	18	2009	The Semiotics of Cultural Self-disregard	uuafZjL1H
12	21	2009	Prosciuttolax	uua54GXH7
12	22	2009	Out-of-Character Komix No. 1!	uua6Zz9Wr
12	23	2009	Out-of-Character Komix No. 2!	uua2jmKmm
12	31	2009	2009 In Review.	uua8LDmzB
01	04	2010	Predictions for 2010	uuabS6Bbj
01	07	2010	Roomba Cinema Presents James Cameron's Avatar.	uua1c5jtP
01	08	2010	Fuck You Friday No. 1, 2010	uua2mP8h9
01	15	2010	Small Times. A Look.	uua9ppsBt
01	17	2010	Toxic User Culture	uua98W1mt
01	22	2010	Maturation.	uuabXpTh3
01	31	2010	Pat, I Am Like You Now.	uua36KST9
02	02	2010	Two Hearts Beat as One	uua1HrZ9V
02	06	2010	Doppelganger.	uua4hrDMx
02	16	2010	Philippe, Entrepreneur.	uua1v63cV
02	22	2010	Shirley Temple	uua7VT1S1
02	28	2010	Find Something You Like and Copy it.	uua73hPLz
03	03	2010	It's Just Business.	uuafcBBq4
03	10	2010	He Will Get Inside Its Head.	uuag9XQ45
03	12	2010	To Sleep, Perchance to Dream.	uuajf5hlG
03	16	2010	He Calls Himself Yojimbo.	uua3SM81X
03	19	2010	P-roll.	uua9lStKw
03	23	2010	Revenge of Yojimbo	uua1GKG70
03	26	2010	Available Balance.	uuacBT0Hk
03	30	2010	What Is Home	uua6pwZvw
04	02	2010	Pockets Full of Sand	uuabNW2ff
04	06	2010	Leg One.	uua9rgxsG
04	08	2010	Leg Two.	uua3ZlgT2
04	09	2010	She'll Call You Back.	uuad6FB99
04	13	2010	The Arithmetic.	uua6zpWVW
04	15	2010	Waking Up At Home.	uua24H4jc
04	17	2010	Back From Early Mass.	uuacN3BCx
04	22	2010	Père	uua9cdvP8
04	26	2010	Penultimate-ish.	uuac7f7M7
05	04	2010	The Finger-Pointers.	uua9X15NM
05	09	2010	Considerations Far and Wide	uuabzNSjx
05	11	2010	Your High School Name	uuafhFBwm
05	14	2010	Michael's Song	uua8KxJ4s
05	18	2010	Mayner and Lurquilla	uua7Fkpp5
05	21	2010	American Graffiti	uuafKCDv3
05	24	2010	The Other Walk of Shame.	uua3WdHkf
05	26	2010	Denny's	uuabzdfMM
05	31	2010	Tiene Mas Pompas	uua8BzcJm
06	04	2010	At Denny's.	uua7NDMMb
06	08	2010	Go For It	uuacr9xd8
06	10	2010	Shades of Darlene.	uua7lLMXK
06	18	2010	The Test.	uua4xVwTh
06	22	2010	Darren's Lament	uuafWbKc3
06	28	2010	The Unhinged Narrator.	uua4295VJ
07	04	2010	This is THE van ride of 2010.	uuabrkB0s
07	09	2010	Van Me One More Time.	uua9mnrkk
07	15	2010	I'm Proud of You.	uua88QSrj
07	25	2010	Operation Chernchilla Schlep	uua3JHVH8
08	03	2010	Emeril is also an Objecto-Solipsist.	uua526k40
08	12	2010	Brisket36	uua6d5Vbd
08	24	2010	Citizen Roomba	uua9JpDvw
09	10	2010	Another Lovely Fuck You Friday.	uuafxz1Lq
09	23	2010	Back to Where We Left Off.
09	30	2010	Some Play Checkers, Some Play Chess
10	18	2010	Diverting Peter C.
11	05	2010	It's All He Can Do
11	18	2010	Honest Man Comix
12	02	2010	President of the Bad Answer Club
12	10	2010	How To Be Happy	uuafxz1Lq
01	05	2011	2011 Predictions	
02	20	2011	The Hiatus	
11	23	2011	Ray In Rehab	
12	05	2011	At The Hospital.	
12	14	2011	In the Henhouse	
01	03	2012	Scrabble	
02	02	2012	Creating Achievements	
02	03	2012	At Henrietta V. Noniscani	
02	09	2012	The Laser Printer	
02	20	2012	Street Sheet	
03	13	2012	Interlocking Sevens	
04	01	2012	Pizza Party, Maintenance Man	
04	03	2012	Who Shaved Ray?	
04	13	2012	Out From The Waiting Room	
05	14	2012	Manwich	
05	19	2012	Altimiter	
06	20	2012	Six Tickets to the Same Organ	
08	09	2013	Pain is a man with a name.	
08	15	2013	Bass Club	
08	23	2013	1987	
08	30	2013	Getting Well	
09	06	2013	Whiskey Shits	
09	09	2013	Sex Boxx	
09	20	2013	Fuck You Friday - Fuck For Gasoline	
09	27	2013	HIS-WAY	
10	04	2013	Nice Pete's Woman Breakthrough	
10	11	2013	Philippe's Will	
10	18	2013	Honey-Don't	
10	25	2013	Old School	
11	01	2013	Twitterpated	
11	08	2013	These Are The Good Old Days	
11	15	2013	Uterine Embolism	
11	22	2013	Most Honorable Puberty	
12	06	2013	Penny In a Fountain	
12	13	2013	Punk Rock, Motherfucker	
12	20	2013	The Thin Slice is the Deepest Slice	
01	03	2014	To Be Someone Must Be a Wonderful Thing	
01	10	2014	Hash Browns	
01	17	2014	The National Sentence Council Returns	
01	24	2014	Penny Meets Philippe	
01	31	2014	The Classic Freekeh-Chiah Interlude	
02	14	2014	Cerberus has spoken	
02	21	2014	To Chambers	
03	01	2014	First Kiss	
03	18	2014	Backfilling a Life	
03	21	2014	Fuck You Friday - Office Smells Edition	
04	07	2014	Spring is in the air – Ramses edition	
12	24	2015	Fuck You Friday - Q-Tips and Aurelius	
01	01	2016	Nude Helsinki	
01	08	2016	Maniacs At The Curb	
01	15	2016	Ray Goes Paleo	
01	22	2016	Charlie Brown Returns	
01	29	2016	Lemmy's Death Is Our New Roommate	
02	05	2016	Roast Beef's Coffee Situation	
02	19	2016	Bikini Barista	
02	26	2016	Philippe For President 2016	
03	04	2016	The Latest News About Hitler's Cock	
03	11	2016	Beef's Password Screen	
03	18	2016	The Good Old Days	
03	25	2016	Tis My Taint Cream	
04	01	2016	Man Bun	
04	08	2016	Showbiz, Traveler of the Frontage Roads	
04	15	2016	The Harvard Study	
04	22	2016	Dieting Conversations	
05	06	2016	Ray explains abortion to a child	
05	13	2016	Improv With Beef	
05	20	2016	The Five-Minute Journal	
05	27	2016	Roast Beef's Relationship Flowchart	
06	03	2016	The Soda Wars	
06	10	2016	Roomba Cinema - The Right Stuff	
06	17	2016	Ray Sleeps Through Sondra's Birthday	
07	01	2016	Ray is grousing about alcoholism	
07	08	2016	Teodor discovers Cheryl Strayed's yard sale of thoughts	
07	15	2016	Five Minute Journal II	
07	22	2016	It's Not Special When You Smile	
07	29	2016	Showbiz on the outskirts	
08	12	2016	Mini Golf For The French	
08	19	2016	Todd Yells Balls, 1 of 2	
08	26	2016	Todd Yells BALLS, Finale	
09	09	2016	Marijuana is not Coffee	
09	16	2016	Boozeless Flirting	
09	23	2016	Ray and T Redesign Education	
09	30	2016	Getting high is our responsibility	
10	07	2016	Pat's Parking Tickets	
10	21	2016	Fuck You Friday, Health Concerns Edition	
10	28	2016	Philippe President Flash-Forward	
11	11	2016	Ray stands up for himself	
11	18	2016	GOLDEN TABLOID	
12	01	2016	Safe Zones	
12	09	2016	Zauberpunkt Licorice Nubs	
12	25	2016	End of Golden Tabloid	
